project,pipeline_id,pipeline_iid,branch,status,sha,created_at,started_at,finished_at,duration_seconds,queued_duration_seconds,compile_job_status,compile_job_duration,compile_job_started,compile_job_finished,test_job_status,test_job_duration,test_job_started,test_job_finished,compile_failed,test_failed,compile_cancelled,test_cancelled,stuck,stuck_reason,commit_title,commit_message,duration_minutes,issue_number
A09,6955,64,feature/issue-2-us-02-take-turns-firing-with-h,canceled,01593b216338ec32b1b94c6c167afd14900478da,2025-10-14T18:16:16.250Z,2025-10-14T18:23:05.126Z,2025-10-14T21:45:09.361Z,12121.0,408.0,success,4.87428,2025-10-14T18:23:04.940Z,2025-10-14T18:23:09.814Z,canceled,12116.155751,2025-10-14T18:23:13.010Z,2025-10-14T21:45:09.166Z,False,False,False,True,True,test_timeout,docs: add Testing Agent report for issue #2 test implementation,docs: add Testing Agent report for issue #2 test implementation,202.02,unknown
A02,8059,81,feature/issue-3-us-03-track-ship-damage-announ,failed,a75b19151dd24eca59c3bbbb855b5590a2328040,2025-10-16T11:23:54.977Z,2025-10-16T11:24:39.800Z,2025-10-16T14:15:12.611Z,10229.0,44.0,success,60.192723,2025-10-16T11:24:39.630Z,2025-10-16T11:25:39.823Z,failed,10169.348038,2025-10-16T11:25:43.035Z,2025-10-16T14:15:12.383Z,False,True,False,False,True,unknown_timeout,docs: add Coding Agent analysis report for Issue #3 retry scenario,docs: add Coding Agent analysis report for Issue #3 retry scenario,170.48,unknown
A01,5900,35,feature/issue-2-us-02-take-turns-firing-with-h,failed,6f8faef6fc03d2c8471bd90031e4420eeb83bcd3,2025-10-12T03:37:13.619Z,2025-10-12T03:37:16.872Z,2025-10-12T06:15:08.369Z,9466.0,3.0,success,4.376252,2025-10-12T03:37:16.696Z,2025-10-12T03:37:21.072Z,failed,9462.414014,2025-10-12T03:37:25.751Z,2025-10-12T06:15:08.165Z,False,True,False,False,True,unknown_timeout,test: fix GameServiceTest to remove switchPlayer() calls,test: fix GameServiceTest to remove switchPlayer() calls,157.77,unknown
A06,8172,73,feature/issue-3-us-03-track-ship-damage-announ,canceled,7d4527e76999f5d6461a6c8d6f21e56ad8130baa,2025-10-17T00:12:11.130Z,2025-10-17T00:12:13.165Z,2025-10-17T02:45:10.697Z,9177.0,2.0,canceled,9177.423015,2025-10-17T00:12:13.013Z,2025-10-17T02:45:10.436Z,canceled,,,2025-10-17T00:56:14.845Z,False,False,True,True,True,test_timeout,feat: Add Coordinate model class for board positions,feat: Add Coordinate model class for board positions,152.95,unknown
A01,5901,36,feature/issue-2-us-02-take-turns-firing-with-h,failed,6f8faef6fc03d2c8471bd90031e4420eeb83bcd3,2025-10-12T03:37:20.116Z,2025-10-12T03:37:21.480Z,2025-10-12T07:15:09.724Z,9165.0,1.0,success,4.309573,2025-10-12T03:37:21.243Z,2025-10-12T03:37:25.553Z,failed,9161.207966,2025-10-12T04:42:26.667Z,2025-10-12T07:15:07.875Z,False,True,False,False,True,unknown_timeout,test: fix GameServiceTest to remove switchPlayer() calls,test: fix GameServiceTest to remove switchPlayer() calls,152.75,unknown
A06,8233,134,feature/issue-4-us-04-single-player-mode-vs-co,failed,3591d89a3b2cb580b084ee867d01ab2d07f85745,2025-10-17T02:46:00.601Z,2025-10-17T02:46:03.489Z,2025-10-17T05:15:10.221Z,8943.0,2.0,success,5.243952,2025-10-17T02:46:03.349Z,2025-10-17T02:46:08.593Z,failed,8938.159773,2025-10-17T02:46:11.774Z,2025-10-17T05:15:09.933Z,False,True,False,False,True,unknown_timeout,test: fix compilation error in SinglePlayerGameServiceTest,test: fix compilation error in SinglePlayerGameServiceTest,149.05,unknown
A01,5903,38,feature/issue-2-us-02-take-turns-firing-with-h,failed,ac1902c383168278f156a5dd4a2701f3d0729b60,2025-10-12T03:44:53.889Z,2025-10-12T05:47:27.834Z,2025-10-12T08:15:13.341Z,8859.0,7353.0,success,4.521941,2025-10-12T05:47:27.597Z,2025-10-12T05:47:32.119Z,failed,8855.41842,2025-10-12T05:47:37.724Z,2025-10-12T08:15:13.143Z,False,True,False,False,True,unknown_timeout,docs: add Review Agent report for issue #2,docs: add Review Agent report for issue #2,147.65,unknown
A06,8179,80,feature/issue-3-us-03-track-ship-damage-announ,canceled,980b5facd87bcb7e76be4b28b68ed026c192401e,2025-10-17T00:17:49.083Z,2025-10-17T00:17:51.539Z,2025-10-17T02:45:10.918Z,8835.0,2.0,success,4.278038,2025-10-17T00:17:51.409Z,2025-10-17T00:17:55.687Z,canceled,8831.699097,2025-10-17T00:17:58.842Z,2025-10-17T02:45:10.541Z,False,False,False,True,True,test_timeout,feat: Update Main.java to use new Battleship game system,feat: Update Main.java to use new Battleship game system,147.25,unknown
A01,5904,39,master,failed,5cd31b12d85c6446dadca59d7b11bd4cc6e526a1,2025-10-12T03:46:02.408Z,2025-10-12T05:47:32.569Z,2025-10-12T09:15:07.019Z,8553.0,7290.0,success,5.215486,2025-10-12T05:47:32.302Z,2025-10-12T05:47:37.518Z,failed,8548.108639,2025-10-12T06:52:38.669Z,2025-10-12T09:15:06.777Z,False,True,False,False,True,unknown_timeout,Merge branch 'feature/issue-2-us-02-take-turns-firing-with-h' into 'master',"Merge branch 'feature/issue-2-us-02-take-turns-firing-with-h' into 'master'

[US-02] Take turns firing with hit/miss feedback

Closes #2

See merge request simulationsprojects_bachelorarbeit_ivan_esau/ba_project_a01_battleship!2",142.55,master
A06,8185,86,feature/issue-3-us-03-track-ship-damage-announ,canceled,dbdf98f2f9f9108c32f39ec2c60323f16fe3422b,2025-10-17T00:25:30.134Z,2025-10-17T00:26:44.958Z,2025-10-17T02:45:11.152Z,8302.0,74.0,success,4.229065,2025-10-17T00:26:44.798Z,2025-10-17T00:26:49.027Z,canceled,8298.474209,2025-10-17T00:26:52.203Z,2025-10-17T02:45:10.677Z,False,False,False,True,True,test_timeout,test: add comprehensive tests for Game class (issue #3),test: add comprehensive tests for Game class (issue #3),138.37,unknown
A01,5924,59,feature/issue-3-us-03-track-ship-damage-announ,failed,6978b856315aa4290cd84bc3f6df9904ccfb4eaf,2025-10-12T04:46:16.854Z,2025-10-12T07:57:39.906Z,2025-10-12T10:15:09.769Z,8245.0,11483.0,success,5.449672,2025-10-12T07:57:39.671Z,2025-10-12T07:57:45.121Z,failed,8239.586731,2025-10-12T07:57:49.992Z,2025-10-12T10:15:09.578Z,False,True,False,False,True,unknown_timeout,docs: add Review Agent report for issue #3 (v4) - infrastructure blockage documented,docs: add Review Agent report for issue #3 (v4) - infrastructure blockage documented,137.42,unknown
A06,8170,71,feature/issue-2-us-02-take-turns-firing-with-h,failed,eef7cffed2eb8161a6c7b44a02eac1d40801cde0,2025-10-16T23:58:44.407Z,2025-10-16T23:59:22.099Z,2025-10-17T02:15:11.086Z,8145.0,37.0,success,3.706693,2025-10-16T23:59:21.944Z,2025-10-16T23:59:25.651Z,failed,8141.99341,2025-10-16T23:59:28.846Z,2025-10-17T02:15:10.839Z,False,True,False,False,True,unknown_timeout,test: trigger pipeline with test fixes,test: trigger pipeline with test fixes,135.75,unknown
A06,8189,90,feature/issue-3-us-03-track-ship-damage-announ,canceled,375a7830fbd6bc083abbda10fd3768f6032f0383,2025-10-17T00:30:03.318Z,2025-10-17T00:32:59.752Z,2025-10-17T02:45:11.683Z,7928.0,176.0,success,12.952782,2025-10-17T00:32:59.614Z,2025-10-17T00:33:12.567Z,canceled,7915.125152,2025-10-17T00:33:15.771Z,2025-10-17T02:45:10.897Z,False,False,False,True,True,test_timeout,docs: add Testing Agent report for issue #3,docs: add Testing Agent report for issue #3,132.13,unknown
A02,8028,50,feature/issue-2-us-02-take-turns-firing-with-h,canceled,5578337c298b08ba814f695157b4b62858186cb9,2025-10-16T09:37:38.224Z,2025-10-16T09:38:03.227Z,2025-10-16T11:45:08.639Z,7623.0,25.0,success,41.507236,2025-10-16T09:38:02.215Z,2025-10-16T09:38:43.722Z,canceled,7581.50909,2025-10-16T09:38:46.903Z,2025-10-16T11:45:08.412Z,False,False,False,True,True,test_timeout,docs: Add Coding Agent report for Issue #2,docs: Add Coding Agent report for Issue #2,127.05,unknown
A02,8039,61,feature/issue-2-us-02-take-turns-firing-with-h,failed,54cede33fabf0f70e8f364f923157d3c1655da0e,2025-10-16T10:07:53.633Z,2025-10-16T10:08:52.546Z,2025-10-16T12:15:13.641Z,7577.0,58.0,success,27.947755,2025-10-16T10:08:52.383Z,2025-10-16T10:09:20.331Z,failed,7549.866325,2025-10-16T10:09:23.520Z,2025-10-16T12:15:13.387Z,False,True,False,False,True,unknown_timeout,docs: add Testing Agent report v2 for Issue #2 test fixes,docs: add Testing Agent report v2 for Issue #2 test fixes,126.28,unknown
A02,8097,119,feature/issue-5-us-05-save-load-and-resume-a-m,failed,a67fe539de9898d56cf8d6efeb6e2a093552a8d0,2025-10-16T13:09:35.656Z,2025-10-16T13:11:08.341Z,2025-10-16T15:15:07.359Z,7435.0,92.0,success,4.944854,2025-10-16T13:11:08.077Z,2025-10-16T13:11:13.022Z,failed,7430.914492,2025-10-16T13:11:16.209Z,2025-10-16T15:15:07.123Z,False,True,False,False,True,unknown_timeout,docs: Add Coding Agent report for Issue #5 implementation,docs: Add Coding Agent report for Issue #5 implementation,123.92,unknown
A07,6692,142,feature/issue-4-us-04-single-player-mode-vs-co,failed,645a04d8a32b311fff2b2441db6f75b9031ae9c6,2025-10-14T04:15:09.877Z,2025-10-14T04:15:49.261Z,2025-10-14T06:15:15.695Z,7162.0,39.0,success,4.72939,2025-10-14T04:15:48.975Z,2025-10-14T04:15:53.705Z,failed,7158.095434,2025-10-14T04:15:56.903Z,2025-10-14T06:15:14.999Z,False,True,False,False,True,unknown_timeout,docs: add Testing Agent report v2 for Issue #4 - compilation fixes,docs: add Testing Agent report v2 for Issue #4 - compilation fixes,119.37,unknown
A06,8251,152,feature/issue-5-us-05-save-load-and-resume-a-m,failed,1e29ab0fe6dc3645c25a1f041905fcb280fefacf,2025-10-17T03:15:47.114Z,2025-10-17T03:16:23.589Z,2025-10-17T05:15:15.150Z,7127.0,36.0,failed,7127.91988,2025-10-17T03:16:23.404Z,2025-10-17T05:15:11.324Z,skipped,,,,True,False,False,False,True,unknown_timeout,test: add tests for Game class state management and functionality,test: add tests for Game class state management and functionality,118.78,unknown
A02,8099,121,feature/issue-5-us-05-save-load-and-resume-a-m,failed,938b55b6576a16c687ad65e410e9a3c421ff9932,2025-10-16T13:16:33.926Z,2025-10-16T13:16:37.104Z,2025-10-16T15:15:07.739Z,7107.0,3.0,success,7.257344,2025-10-16T13:16:36.791Z,2025-10-16T13:16:44.048Z,failed,7099.990857,2025-10-16T13:16:47.227Z,2025-10-16T15:15:07.217Z,False,True,False,False,True,unknown_timeout,docs: add Testing Agent report for Issue #5 test implementation,docs: add Testing Agent report for Issue #5 test implementation,118.45,unknown
A09,7112,182,feature/issue-4-us-04-single-player-mode-vs-co,failed,0b884fd0b0d04c2fcba0d8359872144f88d08306,2025-10-14T21:16:59.761Z,2025-10-14T21:17:01.777Z,2025-10-14T23:15:08.151Z,7085.0,2.0,failed,7085.965722,2025-10-14T21:17:01.650Z,2025-10-14T23:15:07.616Z,skipped,,,,True,False,False,False,True,unknown_timeout,fix: Initialize currentPlayer to human player during SETUP to match test expectations,fix: Initialize currentPlayer to human player during SETUP to match test expectations,118.08,unknown
A07,6586,36,feature/issue-1-us-01-place-fleet-on-a-conceal,failed,66ce953822c6bfa29a4ea10d24a9957c4c733590,2025-10-14T00:14:16.436Z,2025-10-14T00:17:37.930Z,2025-10-14T02:15:19.365Z,7056.0,201.0,success,4.111064,2025-10-14T00:17:37.739Z,2025-10-14T00:17:41.850Z,failed,7052.364762,2025-10-14T00:17:45.046Z,2025-10-14T02:15:17.411Z,False,True,False,False,True,unknown_timeout,docs: add Review Agent report v3 with comprehensive rejection analysis,docs: add Review Agent report v3 with comprehensive rejection analysis,117.6,unknown
A06,8157,58,feature/issue-2-us-02-take-turns-firing-with-h,failed,94abd5f98a227baabf5b1c66442f7b2e64f083c7,2025-10-16T23:17:00.567Z,2025-10-16T23:17:53.719Z,2025-10-17T01:15:12.692Z,7034.0,53.0,success,5.79143,2025-10-16T23:17:53.536Z,2025-10-16T23:17:59.327Z,failed,7028.792808,2025-10-16T23:18:02.539Z,2025-10-17T01:15:11.331Z,False,True,False,False,True,unknown_timeout,docs: add Coding Agent comprehensive status report for Issue #2 (RETRY_AFTER_TESTING scenario),docs: add Coding Agent comprehensive status report for Issue #2 (RETRY_AFTER_TESTING scenario),117.23,unknown
A07,6587,37,feature/issue-1-us-01-place-fleet-on-a-conceal,failed,79021f0d5da4ff94f5d529a5601674d1929f7c40,2025-10-14T00:17:50.386Z,2025-10-14T00:18:04.333Z,2025-10-14T02:15:16.918Z,7029.0,13.0,success,3.96459,2025-10-14T00:18:04.154Z,2025-10-14T00:18:08.118Z,failed,7025.156574,2025-10-14T00:18:11.326Z,2025-10-14T02:15:16.483Z,False,True,False,False,True,unknown_timeout,docs: add Coding Agent report v3 documenting current pipeline status,docs: add Coding Agent report v3 documenting current pipeline status,117.15,unknown
A06,8215,116,feature/issue-4-us-04-single-player-mode-vs-co,canceled,8c9ae72a6d714bb03b0015304305876d9420f66a,2025-10-17T01:48:38.913Z,2025-10-17T01:48:47.305Z,2025-10-17T03:45:10.390Z,6979.0,8.0,success,5.283962,2025-10-17T01:48:47.071Z,2025-10-17T01:48:52.355Z,canceled,6974.609647,2025-10-17T01:48:55.561Z,2025-10-17T03:45:10.170Z,False,False,False,True,True,test_timeout,feat: Update Main.java to launch Battleship game,feat: Update Main.java to launch Battleship game,116.32,unknown
A07,6622,72,feature/issue-2-us-02-take-turns-firing-with-h,failed,e39309c5c795d0567bb699b8fc528ff5ed7b388b,2025-10-14T01:19:29.302Z,2025-10-14T01:19:31.568Z,2025-10-14T03:15:14.414Z,6938.0,2.0,success,4.338577,2025-10-14T01:19:31.409Z,2025-10-14T01:19:35.748Z,failed,6933.934625,2025-10-14T01:19:38.935Z,2025-10-14T03:15:12.869Z,False,True,False,False,True,unknown_timeout,docs: add Coding Agent v3 report confirming Issue #2 implementation complete,docs: add Coding Agent v3 report confirming Issue #2 implementation complete,115.63,unknown
A06,8158,59,feature/issue-2-us-02-take-turns-firing-with-h,failed,bfbeb0d23944969a563d34987b2b53654a1c33c7,2025-10-16T23:19:33.046Z,2025-10-16T23:19:37.256Z,2025-10-17T01:15:11.295Z,6930.0,4.0,success,5.456364,2025-10-16T23:19:37.074Z,2025-10-16T23:19:42.531Z,failed,6924.993132,2025-10-16T23:19:45.733Z,2025-10-17T01:15:10.726Z,False,True,False,False,True,unknown_timeout,test: fix GameTest setup and coordinate issues,test: fix GameTest setup and coordinate issues,115.5,unknown
A10,8790,207,feature/issue-4-us-04-single-player-mode-vs-co,failed,3035eada054c13c1afec735873256d75ff838ead,2025-10-19T20:20:18.094Z,2025-10-19T20:20:20.771Z,2025-10-19T22:15:11.718Z,6888.0,2.0,success,4.677399,2025-10-19T20:20:20.604Z,2025-10-19T20:20:25.281Z,failed,6883.854609,2025-10-19T20:20:27.675Z,2025-10-19T22:15:11.530Z,False,True,False,False,True,unknown_timeout,test: fix SinglePlayerAcceptanceTest turn management logic,test: fix SinglePlayerAcceptanceTest turn management logic,114.8,unknown
A10,8740,157,feature/issue-4-us-04-single-player-mode-vs-co,failed,33f35dfaf7cb8ff1aa09665a67daf865f9dfd010,2025-10-19T19:20:26.056Z,2025-10-19T19:20:27.822Z,2025-10-19T21:15:09.777Z,6881.0,1.0,failed,6881.808228,2025-10-19T19:20:27.664Z,2025-10-19T21:15:09.472Z,skipped,,,,True,False,False,False,True,unknown_timeout,docs: Add Coding Agent report for Issue #4 implementation,docs: Add Coding Agent report for Issue #4 implementation,114.68,unknown
A07,6658,108,feature/issue-3-us-03-track-ship-damage-announ,failed,f2c55ef4fb904e235a275e005227e8a618577ccf,2025-10-14T03:20:30.218Z,2025-10-14T03:20:34.144Z,2025-10-14T05:15:11.793Z,6873.0,3.0,success,4.423354,2025-10-14T03:20:33.965Z,2025-10-14T03:20:38.389Z,failed,6869.106272,2025-10-14T03:20:41.619Z,2025-10-14T05:15:10.726Z,False,True,False,False,True,unknown_timeout,docs: add Coding Agent report v3 for Issue #3 - compilation verified,docs: add Coding Agent report v3 for Issue #3 - compilation verified,114.55,unknown
A02,8058,80,feature/issue-3-us-03-track-ship-damage-announ,failed,13be9057e6577b5d83513f8a8cadc67312965e1b,2025-10-16T11:20:32.695Z,2025-10-16T11:21:09.391Z,2025-10-16T13:15:10.332Z,6836.0,36.0,success,5.100919,2025-10-16T11:21:09.214Z,2025-10-16T11:21:14.315Z,failed,6831.353333,2025-10-16T11:21:17.502Z,2025-10-16T13:15:08.856Z,False,True,False,False,True,unknown_timeout,docs: add Review Agent report for Issue #3 merge review,docs: add Review Agent report for Issue #3 merge review,113.93,unknown
A06,8216,117,feature/issue-4-us-04-single-player-mode-vs-co,canceled,99c63ecf58ce3353d09b25fda4e21032ae62af0a,2025-10-17T01:50:21.460Z,2025-10-17T01:51:45.274Z,2025-10-17T03:45:10.704Z,6789.0,83.0,success,7.28662,2025-10-17T01:51:45.101Z,2025-10-17T01:51:52.388Z,canceled,6782.177804,2025-10-17T01:52:08.081Z,2025-10-17T03:45:10.259Z,False,False,False,True,True,test_timeout,docs: Add Coding Agent report for Issue #4 implementation,docs: Add Coding Agent report for Issue #4 implementation,113.15,unknown
A06,8199,100,feature/issue-3-us-03-track-ship-damage-announ,failed,10d4d4b809798ab14a910d4588c89c84ca2f933b,2025-10-17T01:22:22.563Z,2025-10-17T01:22:26.159Z,2025-10-17T03:15:08.591Z,6759.0,3.0,success,3.616302,2025-10-17T01:22:26.016Z,2025-10-17T01:22:29.632Z,failed,6755.383856,2025-10-17T01:22:32.766Z,2025-10-17T03:15:08.150Z,False,True,False,False,True,unknown_timeout,test: add minimal acceptance test suite for Issue #3,test: add minimal acceptance test suite for Issue #3,112.65,unknown
A06,8160,61,feature/issue-2-us-02-take-turns-firing-with-h,failed,d964a53b9e2c5f57c7301938acf2241c906aa1d4,2025-10-16T23:22:07.713Z,2025-10-16T23:22:40.393Z,2025-10-17T01:15:11.279Z,6747.0,32.0,success,5.107635,2025-10-16T23:22:40.239Z,2025-10-16T23:22:45.347Z,failed,6742.312839,2025-10-16T23:22:48.533Z,2025-10-17T01:15:10.846Z,False,True,False,False,True,unknown_timeout,test: fix PlayerTest assertions and coordinate validation,test: fix PlayerTest assertions and coordinate validation,112.45,unknown
A06,8124,25,feature/issue-1-us-01-place-fleet-on-a-conceal,failed,c7bb379d79ed0d1ee4b0e6138f26cae09adec1ef,2025-10-16T22:21:36.351Z,2025-10-16T22:23:11.266Z,2025-10-17T00:15:09.416Z,6714.0,94.0,success,5.103909,2025-10-16T22:23:11.093Z,2025-10-16T22:23:16.196Z,failed,6709.79137,2025-10-16T22:23:19.391Z,2025-10-17T00:15:09.183Z,False,True,False,False,True,unknown_timeout,docs: add Review Agent report for US-01 merge completion,docs: add Review Agent report for US-01 merge completion,111.9,unknown
A06,8164,65,feature/issue-2-us-02-take-turns-firing-with-h,canceled,e6778f39845df798061402c0cb0b1d9670a978f1,2025-10-16T23:53:31.185Z,2025-10-16T23:54:05.243Z,2025-10-17T01:45:11.123Z,6663.0,34.0,success,5.15715,2025-10-16T23:54:03.576Z,2025-10-16T23:54:08.734Z,canceled,6658.765371,2025-10-16T23:54:11.932Z,2025-10-17T01:45:10.697Z,False,False,False,True,True,test_timeout,test: fix GameTest already targeted logic and game end detection,test: fix GameTest already targeted logic and game end detection,111.05,unknown
A06,8200,101,feature/issue-3-us-03-track-ship-damage-announ,failed,d9b91eeee0438bd2bfcae4fe69cf8da6d10331f3,2025-10-17T01:24:09.880Z,2025-10-17T01:24:11.924Z,2025-10-17T03:15:08.883Z,6653.0,2.0,success,3.746312,2025-10-17T01:24:11.724Z,2025-10-17T01:24:15.471Z,failed,6649.834973,2025-10-17T01:24:18.620Z,2025-10-17T03:15:08.455Z,False,True,False,False,True,unknown_timeout,docs: add Testing Agent report v3 for Issue #3 - comprehensive test analysis,docs: add Testing Agent report v3 for Issue #3 - comprehensive test analysis,110.88,unknown
A02,8082,104,feature/issue-4-us-04-single-player-mode-vs-co,failed,6a73fc52c2b6cd3d0a9084c81af2d434f215f0e4,2025-10-16T12:20:33.006Z,2025-10-16T12:25:00.894Z,2025-10-16T14:15:18.321Z,6609.0,267.0,success,4.923903,2025-10-16T12:25:00.408Z,2025-10-16T12:25:05.332Z,failed,6604.539197,2025-10-16T12:25:10.015Z,2025-10-16T14:15:14.555Z,False,True,False,False,True,unknown_timeout,docs: add Coding Agent verification report for issue #4 compilation success,docs: add Coding Agent verification report for issue #4 compilation success,110.15,unknown
A06,8165,66,feature/issue-2-us-02-take-turns-firing-with-h,canceled,f35d502d2a38c1c834120ec923a7bca221dbe03e,2025-10-16T23:54:48.646Z,2025-10-16T23:55:10.877Z,2025-10-17T01:45:11.319Z,6596.0,22.0,success,6.207757,2025-10-16T23:55:10.656Z,2025-10-16T23:55:16.863Z,canceled,6590.677501,2025-10-16T23:55:20.068Z,2025-10-17T01:45:10.746Z,False,False,False,True,True,test_timeout,test: fix BoardTest out-of-bounds coordinate validation,test: fix BoardTest out-of-bounds coordinate validation,109.93,unknown
A07,6694,144,feature/issue-4-us-04-single-player-mode-vs-co,failed,8ac7e0ab085e5d2fe4b396f7ec579178e31eabcb,2025-10-14T04:25:10.176Z,2025-10-14T04:25:27.864Z,2025-10-14T06:15:18.046Z,6584.0,17.0,success,11.581759,2025-10-14T04:25:27.654Z,2025-10-14T04:25:39.236Z,failed,6573.223754,2025-10-14T04:25:42.460Z,2025-10-14T06:15:15.684Z,False,True,False,False,True,unknown_timeout,docs: add Testing Agent report v3 for Issue #4 - test verification complete,docs: add Testing Agent report v3 for Issue #4 - test verification complete,109.73,unknown
A07,6591,41,feature/issue-1-us-01-place-fleet-on-a-conceal,failed,7807899d036ca24fa57a440bd367d5b28075524a,2025-10-14T00:23:23.286Z,2025-10-14T00:25:31.422Z,2025-10-14T02:15:21.083Z,6584.0,128.0,success,4.424187,2025-10-14T00:25:31.226Z,2025-10-14T00:25:35.651Z,failed,6579.888825,2025-10-14T00:25:38.852Z,2025-10-14T02:15:18.741Z,False,True,False,False,True,unknown_timeout,docs: add Testing Agent report v3 for issue #1 test fixes,docs: add Testing Agent report v3 for issue #1 test fixes,109.73,unknown
A09,7127,197,feature/issue-5-us-05-save-load-and-resume-a-m,failed,f7665f20ee59dd5d21517ad34174a63e8111abd2,2025-10-14T21:25:29.692Z,2025-10-14T21:25:31.230Z,2025-10-14T23:15:08.914Z,6573.0,1.0,success,4.291102,2025-10-14T21:25:31.101Z,2025-10-14T21:25:35.393Z,failed,6569.387291,2025-10-14T21:25:38.530Z,2025-10-14T23:15:07.917Z,False,True,False,False,True,unknown_timeout,feat: Update Main class to demonstrate save/load functionality,feat: Update Main class to demonstrate save/load functionality,109.55,unknown
A02,8040,62,feature/issue-2-us-02-take-turns-firing-with-h,failed,4f55ca8fa4390c72e34b35dfd08d14adb3b7c9df,2025-10-16T10:25:36.778Z,2025-10-16T10:25:40.856Z,2025-10-16T12:15:14.039Z,6569.0,4.0,success,5.434587,2025-10-16T10:25:40.680Z,2025-10-16T10:25:46.115Z,failed,6564.14974,2025-10-16T10:25:49.330Z,2025-10-16T12:15:13.479Z,False,True,False,False,True,unknown_timeout,docs: add final Coding Agent report v3 for Issue #2 verification,docs: add final Coding Agent report v3 for Issue #2 verification,109.48,unknown
A02,8083,105,feature/issue-4-us-04-single-player-mode-vs-co,failed,ecdf6950e2f7fbc9327a11cc42d6063c50ac7b75,2025-10-16T12:25:00.049Z,2025-10-16T12:25:07.035Z,2025-10-16T14:15:13.732Z,6534.0,6.0,success,4.34308,2025-10-16T12:25:05.484Z,2025-10-16T12:25:09.827Z,failed,6530.528212,2025-10-16T12:26:22.277Z,2025-10-16T14:15:12.806Z,False,True,False,False,True,unknown_timeout,docs: add Testing Agent verification report for issue #4 (v2),docs: add Testing Agent verification report for issue #4 (v2),108.9,unknown
A05,6400,146,feature/issue-4-us-04-single-player-mode-vs-co,failed,610e726e392cff1b02f385c617a139dfab807b77,2025-10-13T04:21:33.241Z,2025-10-13T04:26:16.918Z,2025-10-13T06:15:08.828Z,6528.0,283.0,success,4.2071,2025-10-13T04:26:16.745Z,2025-10-13T04:26:20.952Z,failed,6524.284151,2025-10-13T04:26:24.131Z,2025-10-13T06:15:08.415Z,False,True,False,False,True,unknown_timeout,docs: add Review Agent report for issue #4,docs: add Review Agent report for issue #4,108.8,unknown
A07,6625,75,feature/issue-2-us-02-take-turns-firing-with-h,failed,6b742e44193c1808424c95feed2da30fef626723,2025-10-14T01:26:25.800Z,2025-10-14T01:26:29.094Z,2025-10-14T03:15:11.883Z,6519.0,3.0,success,3.984653,2025-10-14T01:26:28.911Z,2025-10-14T01:26:32.896Z,failed,6515.582149,2025-10-14T01:26:36.076Z,2025-10-14T03:15:11.658Z,False,True,False,False,True,unknown_timeout,docs: add Testing Agent v3 report documenting test fixes for Issue #2,docs: add Testing Agent v3 report documenting test fixes for Issue #2,108.65,unknown
A05,6407,153,feature/issue-4-us-04-single-player-mode-vs-co,canceled,2f752f9d760bc6c5e6b8ae599bb645c3cf120cf8,2025-10-13T04:48:38.140Z,2025-10-13T04:56:33.485Z,2025-10-13T06:45:09.997Z,6508.0,475.0,success,6.190554,2025-10-13T04:56:33.346Z,2025-10-13T04:56:39.536Z,canceled,6502.464157,2025-10-13T04:56:47.369Z,2025-10-13T06:45:09.834Z,False,False,False,True,True,test_timeout,docs: Add Review Agent report for Issue #4 with rejection documentation (v4),docs: Add Review Agent report for Issue #4 with rejection documentation (v4),108.47,unknown
A06,8126,27,feature/issue-1-us-01-place-fleet-on-a-conceal,failed,1941353b82cde4fb62a4c893d5e08d4851e56c0e,2025-10-16T22:25:03.960Z,2025-10-16T22:27:39.996Z,2025-10-17T00:15:12.494Z,6447.0,156.0,success,14.221727,2025-10-16T22:27:39.847Z,2025-10-16T22:27:54.069Z,failed,6432.835625,2025-10-16T22:27:57.250Z,2025-10-17T00:15:10.086Z,False,True,False,False,True,unknown_timeout,docs: add Coding Agent status report for Issue #1 (v3),docs: add Coding Agent status report for Issue #1 (v3),107.45,unknown
A07,6695,145,feature/issue-4-us-04-single-player-mode-vs-co,failed,84c82dcb193bb9dfc0a5dfa57b014057017b81ea,2025-10-14T04:27:36.838Z,2025-10-14T04:27:54.143Z,2025-10-14T06:15:19.996Z,6440.0,17.0,success,4.635555,2025-10-14T04:27:53.984Z,2025-10-14T04:27:58.619Z,failed,6435.446985,2025-10-14T04:28:01.818Z,2025-10-14T06:15:17.265Z,False,True,False,False,True,unknown_timeout,docs: add Review Agent report v2 for Issue #4 - merge validation complete,docs: add Review Agent report v2 for Issue #4 - merge validation complete,107.33,unknown
A06,8114,15,feature/issue-1-us-01-place-fleet-on-a-conceal,canceled,ebdd1cd616e0073a7a672d1a57242b8ba9659f86,2025-10-16T21:58:41.043Z,2025-10-16T21:58:50.676Z,2025-10-16T23:45:16.229Z,6384.0,9.0,success,5.126979,2025-10-16T21:58:50.343Z,2025-10-16T21:58:55.470Z,canceled,6379.082022,2025-10-16T21:58:56.895Z,2025-10-16T23:45:15.977Z,False,False,False,True,True,test_timeout,feat: Update Main class for ship placement implementation,feat: Update Main class for ship placement implementation,106.4,unknown
A06,8115,16,feature/issue-1-us-01-place-fleet-on-a-conceal,canceled,ebdd1cd616e0073a7a672d1a57242b8ba9659f86,2025-10-16T21:59:14.783Z,2025-10-16T21:59:16.815Z,2025-10-16T23:45:16.775Z,6356.0,2.0,success,4.643815,2025-10-16T21:59:16.659Z,2025-10-16T21:59:21.302Z,canceled,6351.564551,2025-10-16T21:59:24.480Z,2025-10-16T23:45:16.044Z,False,False,False,True,True,test_timeout,feat: Update Main class for ship placement implementation,feat: Update Main class for ship placement implementation,105.93,unknown
A09,6911,20,feature/issue-1-us-01-place-fleet-on-a-conceal,canceled,d33be9d9f1a829b937191731e1172e1c59b983c0,2025-10-14T16:59:20.001Z,2025-10-14T16:59:23.356Z,2025-10-14T18:45:10.623Z,6345.0,3.0,success,4.465224,2025-10-14T16:59:23.199Z,2025-10-14T16:59:27.664Z,canceled,6341.452615,2025-10-14T16:59:28.906Z,2025-10-14T18:45:10.359Z,False,False,False,True,True,test_timeout,test: add integration tests for all acceptance criteria,test: add integration tests for all acceptance criteria,105.75,unknown
A09,7129,199,feature/issue-5-us-05-save-load-and-resume-a-m,failed,cc8685b00b2192ab273cc27727ecac5e2b3958d0,2025-10-14T21:27:25.194Z,2025-10-14T21:29:55.901Z,2025-10-14T23:15:08.180Z,6307.0,150.0,success,4.055219,2025-10-14T21:29:55.773Z,2025-10-14T21:29:59.828Z,failed,6303.79454,2025-10-14T21:30:03.911Z,2025-10-14T23:15:07.706Z,False,True,False,False,True,unknown_timeout,docs: Add Coding Agent report for Issue #5 implementation,docs: Add Coding Agent report for Issue #5 implementation,105.12,unknown
A07,6727,177,feature/issue-5-us-05-save-load-and-resume-a-m,failed,1d50338d484dd9a55016d0efbc55a94ec99a8941,2025-10-14T05:30:32.452Z,2025-10-14T05:30:35.178Z,2025-10-14T07:15:08.415Z,6270.0,2.0,success,5.060667,2025-10-14T05:30:35.009Z,2025-10-14T05:30:40.070Z,failed,6265.658026,2025-10-14T05:30:42.207Z,2025-10-14T07:15:07.865Z,False,True,False,False,True,unknown_timeout,fix: Improve ObjectMapper configuration for Java 8 Duration serialization,fix: Improve ObjectMapper configuration for Java 8 Duration serialization,104.5,unknown
A02,8084,106,feature/issue-4-us-04-single-player-mode-vs-co,failed,877d62c9bfd5fb4eba1021db2acbf0b67a51bb51,2025-10-16T12:30:59.808Z,2025-10-16T12:31:01.384Z,2025-10-16T14:15:19.143Z,6251.0,1.0,success,6.857296,2025-10-16T12:31:01.193Z,2025-10-16T12:31:08.050Z,failed,6244.217814,2025-10-16T12:31:11.223Z,2025-10-16T14:15:15.441Z,False,True,False,False,True,unknown_timeout,docs: add Review Agent analysis report for issue #4 (v1),docs: add Review Agent analysis report for issue #4 (v1),104.18,unknown
A06,8196,97,feature/issue-3-us-03-track-ship-damage-announ,canceled,fb01d0ef30989af800676d24b7ceb16482653778,2025-10-17T00:59:56.606Z,2025-10-17T01:00:17.445Z,2025-10-17T02:45:11.657Z,6237.0,20.0,success,59.794564,2025-10-17T01:00:17.140Z,2025-10-17T01:01:16.934Z,canceled,6177.230871,2025-10-17T01:02:13.888Z,2025-10-17T02:45:11.119Z,False,False,False,True,True,test_timeout,test: trigger pipeline with test fixes,test: trigger pipeline with test fixes,103.95,unknown
A02,8036,58,feature/issue-2-us-02-take-turns-firing-with-h,canceled,be00cf3419097222e7128963c6c5b6e75e0652a1,2025-10-16T10:01:08.807Z,2025-10-16T10:01:12.059Z,2025-10-16T11:45:08.869Z,6233.0,3.0,success,6.607145,2025-10-16T10:01:11.908Z,2025-10-16T10:01:18.515Z,canceled,6226.790321,2025-10-16T10:01:21.685Z,2025-10-16T11:45:08.476Z,False,False,False,True,True,test_timeout,docs: Update README with current implementation status,docs: Update README with current implementation status,103.88,unknown
A07,6728,178,feature/issue-5-us-05-save-load-and-resume-a-m,failed,b67151481d49bb1015761f3d189e934809d51ac8,2025-10-14T05:31:55.730Z,2025-10-14T05:32:07.054Z,2025-10-14T07:15:08.193Z,6177.0,11.0,success,4.864917,2025-10-14T05:32:06.868Z,2025-10-14T05:32:11.733Z,failed,6172.854954,2025-10-14T05:32:14.906Z,2025-10-14T07:15:07.761Z,False,True,False,False,True,unknown_timeout,docs: Add Coding Agent report v3 for Jackson serialization fix,docs: Add Coding Agent report v3 for Jackson serialization fix,102.95,unknown
A07,6662,112,feature/issue-3-us-03-track-ship-damage-announ,failed,9877ce4d955b0561b25fa3503d27c35f7b954918,2025-10-14T03:29:25.854Z,2025-10-14T03:32:30.748Z,2025-10-14T05:15:10.322Z,6156.0,184.0,success,4.333194,2025-10-14T03:32:30.552Z,2025-10-14T03:32:34.885Z,failed,6152.002894,2025-10-14T03:32:38.064Z,2025-10-14T05:15:10.067Z,False,True,False,False,True,unknown_timeout,docs: add Testing Agent report v2 for Issue #3 test fixes,docs: add Testing Agent report v2 for Issue #3 test fixes,102.6,unknown
A06,8161,62,feature/issue-2-us-02-take-turns-firing-with-h,failed,aeccb626f5197dbe94783bdfe5f10aafa482e381,2025-10-16T23:23:17.669Z,2025-10-16T23:23:52.587Z,2025-10-17T01:15:11.989Z,6132.0,34.0,success,4.537142,2025-10-16T23:23:52.426Z,2025-10-16T23:23:56.963Z,failed,6127.585777,2025-10-16T23:33:03.476Z,2025-10-17T01:15:11.061Z,False,True,False,False,True,unknown_timeout,docs: add Testing Agent report v2 with test fixes summary,docs: add Testing Agent report v2 with test fixes summary,102.2,unknown
A02,8037,59,feature/issue-2-us-02-take-turns-firing-with-h,canceled,436a52316bafbb9c6c45879c67cd8b2fea9a105f,2025-10-16T10:02:18.752Z,2025-10-16T10:03:08.593Z,2025-10-16T11:45:08.982Z,6117.0,49.0,success,4.008358,2025-10-16T10:03:08.448Z,2025-10-16T10:03:12.457Z,canceled,6113.024522,2025-10-16T10:03:15.586Z,2025-10-16T11:45:08.610Z,False,False,False,True,True,test_timeout,docs: Add Coding Agent verification report for Issue #2 compilation success,docs: Add Coding Agent verification report for Issue #2 compilation success,101.95,unknown
A09,6942,51,feature/issue-2-us-02-take-turns-firing-with-h,canceled,eb3550300e32c7fc15157350cf21fd619b08d87e,2025-10-14T18:03:19.511Z,2025-10-14T18:03:21.195Z,2025-10-14T19:45:08.931Z,6107.0,1.0,canceled,6107.753935,2025-10-14T18:03:21.025Z,2025-10-14T19:45:08.779Z,canceled,,,2025-10-14T18:31:13.825Z,False,False,True,True,True,test_timeout,test: add comprehensive tests for Board class shot tracking,test: add comprehensive tests for Board class shot tracking,101.78,unknown
A02,8051,73,feature/issue-3-us-03-track-ship-damage-announ,canceled,8a0bfe71c9ecc3d0adf6655cf955d13e66387a00,2025-10-16T11:03:50.668Z,2025-10-16T11:03:53.955Z,2025-10-16T12:45:10.365Z,6073.0,3.0,success,5.159344,2025-10-16T11:03:53.780Z,2025-10-16T11:03:58.940Z,canceled,6068.016666,2025-10-16T11:04:02.109Z,2025-10-16T12:45:10.126Z,False,False,False,True,True,test_timeout,feat: Update Main.java with game implementation for damage tracking,feat: Update Main.java with game implementation for damage tracking,101.22,unknown
A06,8229,130,feature/issue-4-us-04-single-player-mode-vs-co,failed,7cfd1b67a3c0e14e6f1c2d8e1be402a980e28939,2025-10-17T02:33:58.919Z,2025-10-17T02:34:56.275Z,2025-10-17T04:15:08.357Z,6008.0,57.0,success,648.062663,2025-10-17T02:34:56.108Z,2025-10-17T02:45:44.170Z,failed,5360.935135,2025-10-17T02:45:46.837Z,2025-10-17T04:15:07.772Z,False,True,False,False,True,unknown_timeout,fix: Override player2 handling in single-player mode,"fix: Override player2 handling in single-player mode

- Properly override getPlayer2() to return ComputerPlayer
- Simplify game state management
- Ensure computer player is properly integrated with base game service",100.13,unknown
A06,8257,158,feature/issue-5-us-05-save-load-and-resume-a-m,failed,18e09c21378c4bde5e5833ddcdd5ae045930e5e6,2025-10-17T03:34:40.756Z,2025-10-17T03:35:20.457Z,2025-10-17T05:15:11.712Z,5986.0,39.0,success,5.323651,2025-10-17T03:35:20.282Z,2025-10-17T03:35:25.606Z,failed,5981.613328,2025-10-17T03:35:28.807Z,2025-10-17T05:15:10.420Z,False,True,False,False,True,unknown_timeout,fix: Add toString() method to Player class for better debugging,fix: Add toString() method to Player class for better debugging,99.77,unknown
A09,7130,200,feature/issue-5-us-05-save-load-and-resume-a-m,failed,cc8685b00b2192ab273cc27727ecac5e2b3958d0,2025-10-14T21:27:41.267Z,2025-10-14T21:30:00.208Z,2025-10-14T23:15:08.828Z,5943.0,138.0,success,3.774593,2025-10-14T21:29:59.986Z,2025-10-14T21:30:03.761Z,failed,5940.005421,2025-10-14T21:36:08.209Z,2025-10-14T23:15:08.215Z,False,True,False,False,True,unknown_timeout,docs: Add Coding Agent report for Issue #5 implementation,docs: Add Coding Agent report for Issue #5 implementation,99.05,unknown
A07,6609,59,feature/issue-2-us-02-take-turns-firing-with-h,failed,e6891927b76720815ac4b2bccf2a5fe0d66d03d6,2025-10-14T00:35:33.206Z,2025-10-14T00:36:24.498Z,2025-10-14T02:15:17.387Z,5929.0,51.0,success,4.952466,2025-10-14T00:36:24.247Z,2025-10-14T00:36:29.200Z,failed,5924.255426,2025-10-14T00:36:32.434Z,2025-10-14T02:15:16.689Z,False,True,False,False,True,unknown_timeout,feat: Add Constants class for game configuration,feat: Add Constants class for game configuration,98.82,unknown
A02,8063,85,feature/issue-3-us-03-track-ship-damage-announ,failed,a390dc3bec557085c388632d23d91ca516014c36,2025-10-16T11:36:22.993Z,2025-10-16T11:36:25.122Z,2025-10-16T13:15:12.577Z,5920.0,2.0,success,376.979034,2025-10-16T11:36:24.933Z,2025-10-16T11:42:41.912Z,failed,5543.661869,2025-10-16T11:42:46.372Z,2025-10-16T13:15:10.034Z,False,True,False,False,True,unknown_timeout,docs: add Coding Agent report v3 with comprehensive RETRY_AFTER_REVIEW analysis,docs: add Coding Agent report v3 with comprehensive RETRY_AFTER_REVIEW analysis,98.67,unknown
A08,6776,40,feature/issue-2-us-02-take-turns-firing-with-h,failed,108792ef589bb12e62361ef53bc94f105464abd8,2025-10-14T12:36:23.028Z,2025-10-14T12:36:25.297Z,2025-10-14T14:15:07.391Z,5919.0,2.0,success,5.124519,2025-10-14T12:36:25.140Z,2025-10-14T12:36:30.264Z,failed,5914.551047,2025-10-14T12:36:32.625Z,2025-10-14T14:15:07.176Z,False,True,False,False,True,unknown_timeout,feat: Add shot tracking functionality to Board class,feat: Add shot tracking functionality to Board class,98.65,unknown
A02,8052,74,feature/issue-3-us-03-track-ship-damage-announ,canceled,8633dfab92d6cd689d2c0df65bbf276289970dea,2025-10-16T11:06:09.846Z,2025-10-16T11:07:09.686Z,2025-10-16T12:45:10.784Z,5878.0,59.0,success,4.957262,2025-10-16T11:07:08.839Z,2025-10-16T11:07:13.796Z,canceled,5873.194437,2025-10-16T11:07:16.992Z,2025-10-16T12:45:10.186Z,False,False,False,True,True,test_timeout,docs: Add Coding Agent report for Issue #3 implementation,docs: Add Coding Agent report for Issue #3 implementation,97.97,unknown
A07,6566,16,feature/issue-1-us-01-place-fleet-on-a-conceal,failed,512973deb7ee74edd6dfc19925a0b30962b77177,2025-10-13T23:36:44.730Z,2025-10-13T23:36:46.562Z,2025-10-14T01:15:13.560Z,5875.0,1.0,success,606.863577,2025-10-13T23:36:46.403Z,2025-10-13T23:46:53.267Z,failed,5269.09235,2025-10-13T23:47:23.790Z,2025-10-14T01:15:12.882Z,False,True,False,False,True,unknown_timeout,feat: Add GridDisplay utility for board visualization,feat: Add GridDisplay utility for board visualization,97.92,unknown
A07,6567,17,feature/issue-1-us-01-place-fleet-on-a-conceal,failed,8a9f2cf6feea1315b22932f1e971dfedd8ec704a,2025-10-13T23:37:26.287Z,2025-10-13T23:37:28.748Z,2025-10-14T01:15:14.041Z,5861.0,2.0,success,5.058591,2025-10-13T23:37:28.603Z,2025-10-13T23:37:33.662Z,failed,5856.407632,2025-10-13T23:37:36.854Z,2025-10-14T01:15:13.262Z,False,True,False,False,True,unknown_timeout,feat: Update Main.java with CLI interface for ship placement,feat: Update Main.java with CLI interface for ship placement,97.68,unknown
A06,8117,18,feature/issue-1-us-01-place-fleet-on-a-conceal,canceled,aa239a4b2dfaf88af58c1e5a7dd40ae2c661c344,2025-10-16T22:01:48.433Z,2025-10-16T22:08:01.987Z,2025-10-16T23:45:16.738Z,5831.0,373.0,success,5.137205,2025-10-16T22:08:01.806Z,2025-10-16T22:08:06.944Z,canceled,5826.035613,2025-10-16T22:08:10.132Z,2025-10-16T23:45:16.167Z,False,False,False,True,True,test_timeout,test: add comprehensive tests for Coordinate class,test: add comprehensive tests for Coordinate class,97.18,unknown
A06,8224,125,feature/issue-4-us-04-single-player-mode-vs-co,canceled,1c0f624fc1dc49bb7307a3b7be6e130cf8d0d1a1,2025-10-17T02:08:52.590Z,2025-10-17T02:08:59.676Z,2025-10-17T03:45:10.906Z,5767.0,7.0,success,5.348772,2025-10-17T02:08:59.316Z,2025-10-17T02:09:04.664Z,canceled,5762.581928,2025-10-17T02:09:07.830Z,2025-10-17T03:45:10.412Z,False,False,False,True,True,test_timeout,fix: Add PLAYER1_WON and PLAYER2_WON constants to GameState enum,fix: Add PLAYER1_WON and PLAYER2_WON constants to GameState enum,96.12,unknown
A02,8086,108,feature/issue-4-us-04-single-player-mode-vs-co,failed,24182f699a23ee26d8225e5f22b80ce5af74ba93,2025-10-16T12:38:01.689Z,2025-10-16T12:40:10.991Z,2025-10-16T14:15:14.446Z,5699.0,129.0,success,606.854222,2025-10-16T12:40:10.829Z,2025-10-16T12:50:17.683Z,failed,5092.269224,2025-10-16T12:50:20.889Z,2025-10-16T14:15:13.158Z,False,True,False,False,True,unknown_timeout,docs: add Testing Agent verification report for issue #4 (v3),docs: add Testing Agent verification report for issue #4 (v3),94.98,unknown
A07,6611,61,feature/issue-2-us-02-take-turns-firing-with-h,failed,31950b58aa474751d3f166981f39605e85daaecd,2025-10-14T00:40:30.306Z,2025-10-14T00:40:39.900Z,2025-10-14T02:15:22.720Z,5676.0,9.0,success,5.06599,2025-10-14T00:40:39.745Z,2025-10-14T00:40:44.811Z,failed,5671.534981,2025-10-14T00:40:47.986Z,2025-10-14T02:15:19.521Z,False,True,False,False,True,unknown_timeout,test: add Board tests for Issue #2,test: add Board tests for Issue #2,94.6,unknown
A06,8259,160,feature/issue-5-us-05-save-load-and-resume-a-m,failed,8a5cdb8a22302a5026f8d5bd3f5034bfa41ef538,2025-10-17T03:41:11.436Z,2025-10-17T03:41:14.646Z,2025-10-17T05:15:16.728Z,5635.0,3.0,success,5.514155,2025-10-17T03:41:14.476Z,2025-10-17T03:41:19.990Z,failed,5629.741109,2025-10-17T03:41:23.190Z,2025-10-17T05:15:12.932Z,False,True,False,False,True,unknown_timeout,docs: add Testing Agent report v2 for issue #5 with serialization fix,docs: add Testing Agent report v2 for issue #5 with serialization fix,93.92,unknown
A05,6405,151,feature/issue-4-us-04-single-player-mode-vs-co,failed,17c95458cabcedd9778e210ee3ed0ab4fa303708,2025-10-13T04:40:50.345Z,2025-10-13T04:41:25.082Z,2025-10-13T06:15:08.499Z,5620.0,34.0,success,4.50988,2025-10-13T04:41:24.949Z,2025-10-13T04:41:29.458Z,failed,5615.732138,2025-10-13T04:41:32.611Z,2025-10-13T06:15:08.343Z,False,True,False,False,True,unknown_timeout,docs: Add Coding Agent verification report for Issue #4 (v3),docs: Add Coding Agent verification report for Issue #4 (v3),93.67,unknown
A02,8087,109,feature/issue-4-us-04-single-player-mode-vs-co,failed,ec6512eb0d3bd64d6f391e856990f3277dceae93,2025-10-16T12:41:38.984Z,2025-10-16T12:41:41.320Z,2025-10-16T14:15:13.118Z,5608.0,2.0,success,4.039674,2025-10-16T12:41:41.087Z,2025-10-16T12:41:45.127Z,failed,5604.261906,2025-10-16T12:41:48.311Z,2025-10-16T14:15:12.573Z,False,True,False,False,True,unknown_timeout,docs: add Review Agent report for issue #4 (v2),docs: add Review Agent report for issue #4 (v2),93.47,unknown
A07,6626,76,feature/issue-3-us-03-track-ship-damage-announ,failed,6b742e44193c1808424c95feed2da30fef626723,2025-10-14T01:42:49.806Z,2025-10-14T01:42:52.173Z,2025-10-14T03:15:13.486Z,5536.0,2.0,success,4.497451,2025-10-14T01:42:52.001Z,2025-10-14T01:42:56.498Z,failed,5532.406825,2025-10-14T01:42:59.702Z,2025-10-14T03:15:12.108Z,False,True,False,False,True,unknown_timeout,docs: add Testing Agent v3 report documenting test fixes for Issue #2,docs: add Testing Agent v3 report documenting test fixes for Issue #2,92.27,unknown
A07,6654,104,feature/issue-3-us-03-track-ship-damage-announ,failed,581df76bbaf1e0c4faa2a19851b53e128eda511a,2025-10-14T02:43:05.166Z,2025-10-14T02:43:08.350Z,2025-10-14T04:15:10.779Z,5520.0,3.0,success,61.406867,2025-10-14T02:43:08.176Z,2025-10-14T02:44:09.583Z,failed,5458.820394,2025-10-14T02:44:11.322Z,2025-10-14T04:15:10.143Z,False,True,False,False,True,unknown_timeout,docs: add CodingAgent report v2 for Issue #3 analysis,docs: add CodingAgent report v2 for Issue #3 analysis,92.0,unknown
A07,6713,163,feature/issue-5-us-05-save-load-and-resume-a-m,failed,dd0e62e1d59853c7860f4df80fa646b4c03d550e,2025-10-14T04:43:03.753Z,2025-10-14T04:43:15.199Z,2025-10-14T06:15:22.668Z,5515.0,11.0,success,5.241999,2025-10-14T04:43:14.958Z,2025-10-14T04:43:20.200Z,failed,5510.25836,2025-10-14T04:43:29.052Z,2025-10-14T06:15:19.310Z,False,True,False,False,True,unknown_timeout,feat: Update Main class with save/load functionality,feat: Update Main class with save/load functionality,91.92,unknown
A07,6616,66,feature/issue-2-us-02-take-turns-firing-with-h,failed,337ca9dbc06ec1c61622354db8c75028d2fe8486,2025-10-14T00:44:22.838Z,2025-10-14T00:45:04.717Z,2025-10-14T02:15:16.927Z,5411.0,41.0,failed,5411.99335,2025-10-14T00:45:04.414Z,2025-10-14T02:15:16.407Z,skipped,,,,True,False,False,False,True,unknown_timeout,test: add ShotResult tests for Issue #2,test: add ShotResult tests for Issue #2,90.18,unknown
A10,8689,106,feature/issue-3-us-03-track-ship-damage-announ,canceled,c564ed44a02ac04a101bcb6b8d624a32324b998a,2025-10-19T18:14:52.639Z,2025-10-19T18:14:56.793Z,2025-10-19T19:45:08.461Z,5411.0,4.0,canceled,5411.65861,2025-10-19T18:14:56.632Z,2025-10-19T19:45:08.290Z,canceled,,,2025-10-19T18:19:35.545Z,False,False,True,True,True,test_timeout,docs: add Review Agent report for issue #3 (v1),docs: add Review Agent report for issue #3 (v1),90.18,unknown
A07,6715,165,feature/issue-5-us-05-save-load-and-resume-a-m,failed,3d54d65c26e0abe4ae44404537eb99d73daada8f,2025-10-14T04:45:06.584Z,2025-10-14T04:45:26.449Z,2025-10-14T06:15:15.180Z,5385.0,19.0,success,11.931075,2025-10-14T04:45:26.019Z,2025-10-14T04:45:37.950Z,failed,5373.730143,2025-10-14T04:45:41.180Z,2025-10-14T06:15:14.910Z,False,True,False,False,True,unknown_timeout,docs: Add Coding Agent report for Issue #5 implementation,docs: Add Coding Agent report for Issue #5 implementation,89.75,unknown
A08,6749,13,feature/issue-1-us-01-place-fleet-on-a-conceal,failed,5b73a49e75357f9c601052db878e1cf7c3a3367d,2025-10-14T11:45:32.001Z,2025-10-14T11:45:35.665Z,2025-10-14T13:15:11.428Z,5375.0,3.0,failed,5375.579768,2025-10-14T11:45:35.496Z,2025-10-14T13:15:11.076Z,skipped,,,,True,False,False,False,True,unknown_timeout,fix: Add missing import for List in ShipPlacementService,fix: Add missing import for List in ShipPlacementService,89.58,unknown
A06,8120,21,feature/issue-1-us-01-place-fleet-on-a-conceal,canceled,667021aae1c7ba022dc4374f09bc9212e1d97dde,2025-10-16T22:15:13.522Z,2025-10-16T22:15:54.961Z,2025-10-16T23:45:16.988Z,5358.0,41.0,success,5.037256,2025-10-16T22:15:54.786Z,2025-10-16T22:15:59.824Z,canceled,5353.478282,2025-10-16T22:16:03.010Z,2025-10-16T23:45:16.488Z,False,False,False,True,True,test_timeout,test: add comprehensive Board tests for US-01 ship placement,test: add comprehensive Board tests for US-01 ship placement,89.3,unknown
A06,8143,44,feature/issue-2-us-02-take-turns-firing-with-h,failed,098ff69123aa7c3a70588ef3f5a0559d4a689619,2025-10-16T22:45:41.913Z,2025-10-16T22:45:49.961Z,2025-10-17T00:15:10.548Z,5356.0,8.0,success,5.379874,2025-10-16T22:45:49.714Z,2025-10-16T22:45:55.094Z,failed,5351.482483,2025-10-16T22:45:58.277Z,2025-10-17T00:15:09.759Z,False,True,False,False,True,unknown_timeout,feat: Update Main.java to use Battleship game system,feat: Update Main.java to use Battleship game system,89.27,unknown
A02,8065,87,feature/issue-3-us-03-track-ship-damage-announ,failed,87eeab27ea5608bd6f6cc5b05e7b57ca08bd1c51,2025-10-16T11:41:45.812Z,2025-10-16T11:42:42.316Z,2025-10-16T13:15:08.302Z,5347.0,56.0,success,4.127037,2025-10-16T11:42:42.110Z,2025-10-16T11:42:46.237Z,failed,5343.590699,2025-10-16T11:46:04.524Z,2025-10-16T13:15:08.115Z,False,True,False,False,True,unknown_timeout,docs: add Review Agent report for issue #3,docs: add Review Agent report for issue #3,89.12,unknown
A02,8066,88,master,failed,de11ae559d11ef92dc12e5f5f87e509e8a5c5efa,2025-10-16T11:43:56.886Z,2025-10-16T11:46:39.549Z,2025-10-16T13:15:10.914Z,5305.0,162.0,success,43.998739,2025-10-16T11:46:39.379Z,2025-10-16T11:47:23.378Z,failed,5261.286049,2025-10-16T11:47:28.004Z,2025-10-16T13:15:09.290Z,False,True,False,False,True,unknown_timeout,Merge branch 'feature/issue-3-us-03-track-ship-damage-announ' into 'master',"Merge branch 'feature/issue-3-us-03-track-ship-damage-announ' into 'master'

[US-03] Track ship damage, announce sunk, and end the game

Closes #3

See merge request simulationsprojects_bachelorarbeit_ivan_esau/ba_project_a02_battleship!3",88.42,master
A07,6735,185,feature/issue-5-us-05-save-load-and-resume-a-m,failed,f84d73a773b09610baf6d627fcc405984ec12902,2025-10-14T05:46:39.817Z,2025-10-14T05:46:43.363Z,2025-10-14T07:15:08.743Z,5301.0,3.0,success,5.494427,2025-10-14T05:46:43.200Z,2025-10-14T05:46:48.694Z,failed,5296.065898,2025-10-14T05:46:51.904Z,2025-10-14T07:15:07.970Z,False,True,False,False,True,unknown_timeout,docs: Add Review Agent report v3 documenting pipeline failure and rejection decision,docs: Add Review Agent report v3 documenting pipeline failure and rejection decision,88.35,unknown
A09,7072,142,feature/issue-3-us-03-track-ship-damage-announ,canceled,1587b9d3599c223fffd9b9078c14c6d5b217b6da,2025-10-14T20:18:02.178Z,2025-10-14T20:18:41.566Z,2025-10-14T21:45:09.496Z,5188.0,39.0,canceled,5188.034268,2025-10-14T20:18:41.177Z,2025-10-14T21:45:09.211Z,canceled,,,2025-10-14T20:32:13.965Z,False,False,True,True,True,test_timeout,feat: Add Maven pom.xml for project build,feat: Add Maven pom.xml for project build,86.47,unknown
A02,8055,77,feature/issue-3-us-03-track-ship-damage-announ,canceled,8bf4d309eefafef917e3fc2d5308c5d83d1c3df3,2025-10-16T11:10:06.792Z,2025-10-16T11:10:25.959Z,2025-10-16T12:45:10.716Z,5172.0,19.0,success,5.086787,2025-10-16T11:10:25.783Z,2025-10-16T11:10:30.870Z,canceled,5167.343136,2025-10-16T11:19:02.975Z,2025-10-16T12:45:10.318Z,False,False,False,True,True,test_timeout,test: add comprehensive tests for Player class game state and loss detection,test: add comprehensive tests for Player class game state and loss detection,86.2,unknown
A06,8260,161,feature/issue-5-us-05-save-load-and-resume-a-m,failed,28c41b9db3df03f7ad5e82b7d0862cb8f45a6813,2025-10-17T03:47:25.055Z,2025-10-17T03:50:29.836Z,2025-10-17T05:15:10.731Z,5077.0,184.0,success,5.218465,2025-10-17T03:50:29.658Z,2025-10-17T03:50:34.876Z,failed,5071.980826,2025-10-17T03:50:38.056Z,2025-10-17T05:15:10.037Z,False,True,False,False,True,unknown_timeout,docs: add Review Agent report v2 for issue #5 with comprehensive validation,docs: add Review Agent report v2 for issue #5 with comprehensive validation,84.62,unknown
A07,6679,129,feature/issue-4-us-04-single-player-mode-vs-co,failed,6ba11b47f7e1d35e95eb4cdf6f8462a0b5d7aa44,2025-10-14T03:51:05.645Z,2025-10-14T03:51:08.592Z,2025-10-14T05:15:12.405Z,5039.0,2.0,success,5.051827,2025-10-14T03:51:08.443Z,2025-10-14T03:51:13.495Z,failed,5034.406348,2025-10-14T03:51:16.721Z,2025-10-14T05:15:11.127Z,False,True,False,False,True,unknown_timeout,feat: Add GridDisplay utility for text-based board rendering,feat: Add GridDisplay utility for text-based board rendering,83.98,unknown
A07,6657,107,feature/issue-3-us-03-track-ship-damage-announ,failed,b229061d6444e70d4757ffbc0436d630f5271035,2025-10-14T02:51:11.628Z,2025-10-14T02:51:17.518Z,2025-10-14T04:15:10.354Z,5029.0,5.0,success,4.734288,2025-10-14T02:51:17.342Z,2025-10-14T02:51:22.076Z,failed,5024.791211,2025-10-14T02:51:25.274Z,2025-10-14T04:15:10.065Z,False,True,False,False,True,unknown_timeout,test: fix Issue3AcceptanceCriteriaTest hit count and game state issues,test: fix Issue3AcceptanceCriteriaTest hit count and game state issues,83.82,unknown
A06,8148,49,feature/issue-2-us-02-take-turns-firing-with-h,failed,ab79b258eba107086e9fb3142031b7fbd26f993a,2025-10-16T22:51:26.983Z,2025-10-16T22:51:29.080Z,2025-10-17T00:15:10.884Z,5020.0,2.0,failed,5020.492966,2025-10-16T22:51:28.918Z,2025-10-17T00:15:09.411Z,skipped,,,,True,False,False,False,True,unknown_timeout,test: add comprehensive tests for Coordinate class (issue #2),test: add comprehensive tests for Coordinate class (issue #2),83.67,unknown
A06,8261,162,feature/issue-5-us-05-save-load-and-resume-a-m,failed,37811681e4f55538e50610e621047e6b4f77d79b,2025-10-17T03:53:13.178Z,2025-10-17T03:53:19.685Z,2025-10-17T05:15:11.749Z,4908.0,6.0,success,51.96572,2025-10-17T03:53:19.542Z,2025-10-17T03:54:11.508Z,failed,4856.073403,2025-10-17T03:54:14.688Z,2025-10-17T05:15:10.762Z,False,True,False,False,True,unknown_timeout,docs: add final Coding Agent report v3 for issue #5 implementation verification,docs: add final Coding Agent report v3 for issue #5 implementation verification,81.8,unknown
A06,8253,154,feature/issue-5-us-05-save-load-and-resume-a-m,canceled,237c3745c1831d08beaef8bf0882c932fb878454,2025-10-17T03:19:20.913Z,2025-10-17T03:23:55.020Z,2025-10-17T04:45:07.597Z,4871.0,274.0,success,5.319098,2025-10-17T03:23:54.844Z,2025-10-17T03:24:00.163Z,canceled,4866.308446,2025-10-17T03:24:01.086Z,2025-10-17T04:45:07.395Z,False,False,False,True,True,test_timeout,docs: add Testing Agent report for issue #5,docs: add Testing Agent report for issue #5,81.18,unknown
A07,6680,130,feature/issue-4-us-04-single-player-mode-vs-co,failed,4153aaaa5f09afc98a564cd9fdb632036bb7dbed,2025-10-14T03:52:31.051Z,2025-10-14T03:53:59.795Z,2025-10-14T05:15:10.599Z,4867.0,88.0,success,5.055134,2025-10-14T03:53:59.636Z,2025-10-14T03:54:04.692Z,failed,4862.305435,2025-10-14T03:54:07.874Z,2025-10-14T05:15:10.179Z,False,True,False,False,True,unknown_timeout,docs: Add Coding Agent report for Issue #4 implementation,docs: Add Coding Agent report for Issue #4 implementation,81.12,unknown
A09,6906,15,feature/issue-1-us-01-place-fleet-on-a-conceal,failed,bc63a9ca77bbc938889749a566939e26670ddbe1,2025-10-14T16:55:07.566Z,2025-10-14T16:55:08.782Z,2025-10-14T18:15:07.724Z,4798.0,1.0,failed,4798.862024,2025-10-14T16:55:08.620Z,2025-10-14T18:15:07.482Z,skipped,,,,True,False,False,False,True,unknown_timeout,test: add ShipType enum tests for standard fleet configuration,test: add ShipType enum tests for standard fleet configuration,79.97,unknown
A07,6577,27,feature/issue-1-us-01-place-fleet-on-a-conceal,failed,6a8d4b18e960abd119be5414c07c7d1cbc345a1d,2025-10-13T23:55:11.410Z,2025-10-13T23:55:13.915Z,2025-10-14T01:15:14.582Z,4796.0,2.0,success,5.043875,2025-10-13T23:55:13.761Z,2025-10-13T23:55:18.805Z,failed,4791.55848,2025-10-13T23:55:22.020Z,2025-10-14T01:15:13.578Z,False,True,False,False,True,unknown_timeout,docs: add Testing Agent report for issue #1,docs: add Testing Agent report for issue #1,79.93,unknown
A07,6721,171,feature/issue-5-us-05-save-load-and-resume-a-m,failed,51c010de5bdffdde92017200e2ae05f2a2c6899b,2025-10-14T04:55:15.725Z,2025-10-14T04:55:26.339Z,2025-10-14T06:15:18.319Z,4787.0,10.0,success,83.096167,2025-10-14T04:55:26.130Z,2025-10-14T04:56:49.226Z,failed,4704.030039,2025-10-14T04:56:52.403Z,2025-10-14T06:15:16.433Z,False,True,False,False,True,unknown_timeout,docs: add Testing Agent report for issue #5 with comprehensive test coverage,docs: add Testing Agent report for issue #5 with comprehensive test coverage,79.78,unknown
A07,6619,69,feature/issue-2-us-02-take-turns-firing-with-h,failed,755ff7d7032e2cd9e1cb4edabec10afc316bba25,2025-10-14T00:53:40.180Z,2025-10-14T00:55:49.023Z,2025-10-14T02:15:20.654Z,4765.0,128.0,success,5.192964,2025-10-14T00:55:48.840Z,2025-10-14T00:55:54.033Z,failed,4760.764276,2025-10-14T00:55:57.239Z,2025-10-14T02:15:18.003Z,False,True,False,False,True,unknown_timeout,docs: add Review Agent report for issue #2,docs: add Review Agent report for issue #2,79.42,unknown
A06,8262,163,feature/issue-5-us-05-save-load-and-resume-a-m,failed,611c7ff9b049a1a03ef69a08ddbe164dda722899,2025-10-17T03:56:53.030Z,2025-10-17T03:56:57.271Z,2025-10-17T05:15:14.982Z,4691.0,4.0,success,4.800209,2025-10-17T03:56:57.119Z,2025-10-17T03:57:01.919Z,failed,4686.890777,2025-10-17T03:57:05.123Z,2025-10-17T05:15:12.014Z,False,True,False,False,True,unknown_timeout,docs: add Testing Agent report v3 for comprehensive test analysis,docs: add Testing Agent report v3 for comprehensive test analysis,78.18,unknown
A06,8166,67,feature/issue-2-us-02-take-turns-firing-with-h,failed,7a3766b161b5943b5b8208836f54b6c5bf486b71,2025-10-16T23:55:52.657Z,2025-10-16T23:57:04.517Z,2025-10-17T01:15:11.319Z,4686.0,71.0,failed,4686.2162,2025-10-16T23:57:04.381Z,2025-10-17T01:15:10.597Z,skipped,,,,True,False,False,False,True,unknown_timeout,test: fix PlayerTest out-of-bounds coordinate validation,test: fix PlayerTest out-of-bounds coordinate validation,78.1,unknown
A06,8226,127,feature/issue-4-us-04-single-player-mode-vs-co,canceled,0eb86890f8409b927238d0a8782f6a1823100120,2025-10-17T02:27:26.885Z,2025-10-17T02:27:29.993Z,2025-10-17T03:45:11.150Z,4657.0,3.0,success,4.812164,2025-10-17T02:27:29.823Z,2025-10-17T02:27:34.635Z,canceled,4652.80475,2025-10-17T02:27:37.824Z,2025-10-17T03:45:10.629Z,False,False,False,True,True,test_timeout,docs: add Review Agent retry report for issue #4 (v2),docs: add Review Agent retry report for issue #4 (v2),77.62,unknown
A09,7141,211,feature/issue-5-us-05-save-load-and-resume-a-m,failed,c018b946a0cedf5e08556dce183849bffe2185c0,2025-10-14T21:57:28.275Z,2025-10-14T21:57:30.431Z,2025-10-14T23:15:09.460Z,4655.0,2.0,success,4.053703,2025-10-14T21:57:30.158Z,2025-10-14T21:57:34.212Z,failed,4651.194893,2025-10-14T21:57:37.396Z,2025-10-14T23:15:08.591Z,False,True,False,False,True,unknown_timeout,test: fix Position class method calls in SaveLoadServiceTest,test: fix Position class method calls in SaveLoadServiceTest,77.58,unknown
A02,8067,89,feature/issue-3-us-03-track-ship-damage-announ,failed,c5ec4a2c0fee32df4b533d11e743808b8eff4f11,2025-10-16T11:45:32.221Z,2025-10-16T11:47:23.800Z,2025-10-16T13:15:13.123Z,4647.0,111.0,success,4.212074,2025-10-16T11:47:23.593Z,2025-10-16T11:47:27.805Z,failed,4643.680275,2025-10-16T11:57:47.202Z,2025-10-16T13:15:10.883Z,False,True,False,False,True,unknown_timeout,docs: add comprehensive Review Agent report v2 with merge decision,docs: add comprehensive Review Agent report v2 with merge decision,77.45,unknown
A02,8088,110,feature/issue-5-us-05-save-load-and-resume-a-m,failed,de11ae559d11ef92dc12e5f5f87e509e8a5c5efa,2025-10-16T12:58:27.247Z,2025-10-16T12:58:30.436Z,2025-10-16T14:15:20.273Z,4603.0,3.0,success,7.032283,2025-10-16T12:58:30.260Z,2025-10-16T12:58:37.292Z,failed,4596.019261,2025-10-16T12:58:40.503Z,2025-10-16T14:15:16.523Z,False,True,False,False,True,unknown_timeout,Merge branch 'feature/issue-3-us-03-track-ship-damage-announ' into 'master',"Merge branch 'feature/issue-3-us-03-track-ship-damage-announ' into 'master'

[US-03] Track ship damage, announce sunk, and end the game

Closes #3

See merge request simulationsprojects_bachelorarbeit_ivan_esau/ba_project_a02_battleship!3",76.72,unknown
A10,8673,90,feature/issue-3-us-03-track-ship-damage-announ,failed,aa05fc2db0722466b268cb06021bb6a225a7f522,2025-10-19T17:59:17.196Z,2025-10-19T17:59:19.167Z,2025-10-19T19:15:11.424Z,4552.0,1.0,failed,4552.101944,2025-10-19T17:59:18.996Z,2025-10-19T19:15:11.098Z,skipped,,,,True,False,False,False,True,unknown_timeout,test: add comprehensive tests for GameService class (issue #3),test: add comprehensive tests for GameService class (issue #3),75.87,unknown
A06,8155,56,feature/issue-2-us-02-take-turns-firing-with-h,failed,d3693b222713eb09d2880f7d1bc02bd1451de739,2025-10-16T23:00:34.123Z,2025-10-16T23:00:48.290Z,2025-10-17T00:15:09.619Z,4457.0,14.0,success,4.470798,2025-10-16T23:00:48.110Z,2025-10-16T23:00:52.581Z,failed,4453.478661,2025-10-16T23:00:55.773Z,2025-10-17T00:15:09.252Z,False,True,False,False,True,unknown_timeout,test: remove getSize() calls from ShipTest,test: remove getSize() calls from ShipTest,74.28,unknown
A07,6722,172,feature/issue-5-us-05-save-load-and-resume-a-m,failed,8a87f93a59545c6a3191a2bc05f11e539e1ca780,2025-10-14T05:00:57.005Z,2025-10-14T05:01:00.082Z,2025-10-14T06:15:16.221Z,4453.0,3.0,success,5.465782,2025-10-14T05:00:59.918Z,2025-10-14T05:01:05.384Z,failed,4448.322631,2025-10-14T05:01:06.838Z,2025-10-14T06:15:15.161Z,False,True,False,False,True,unknown_timeout,docs: add Review Agent report for issue #5 with pipeline failure analysis,docs: add Review Agent report for issue #5 with pipeline failure analysis,74.22,unknown
A02,8076,98,feature/issue-4-us-04-single-player-mode-vs-co,failed,d5bd6e6a31890fa96929d349961a4e6a9a0d9d49,2025-10-16T12:00:32.381Z,2025-10-16T12:01:06.039Z,2025-10-16T13:15:08.797Z,4437.0,33.0,success,606.863064,2025-10-16T12:01:05.325Z,2025-10-16T12:11:12.188Z,failed,3830.857302,2025-10-16T12:11:17.336Z,2025-10-16T13:15:08.193Z,False,True,False,False,True,unknown_timeout,test: add comprehensive tests for ComputerPlayer class,test: add comprehensive tests for ComputerPlayer class,73.95,unknown
A07,6621,71,feature/issue-2-us-02-take-turns-firing-with-h,failed,821a77f45701181d4e6347dfa908f391d9143f7b,2025-10-14T00:59:29.514Z,2025-10-14T01:01:37.564Z,2025-10-14T02:15:18.590Z,4416.0,128.0,success,5.099273,2025-10-14T01:01:37.358Z,2025-10-14T01:01:42.457Z,failed,4411.391565,2025-10-14T01:01:45.648Z,2025-10-14T02:15:17.040Z,False,True,False,False,True,unknown_timeout,docs: add TestingAgent report v2 for issue #2 documenting existing test coverage,docs: add TestingAgent report v2 for issue #2 documenting existing test coverage,73.6,unknown
A07,6579,29,feature/issue-1-us-01-place-fleet-on-a-conceal,failed,127afd9b9748fd72055f9aa500b96471141f8e92,2025-10-13T23:59:00.152Z,2025-10-14T00:02:28.936Z,2025-10-14T01:15:14.032Z,4361.0,208.0,success,4.772152,2025-10-14T00:02:28.744Z,2025-10-14T00:02:33.516Z,failed,4356.264908,2025-10-14T00:02:36.774Z,2025-10-14T01:15:13.039Z,False,True,False,False,True,unknown_timeout,docs: add Coding Agent report v2 for Issue #1 verification,docs: add Coding Agent report v2 for Issue #1 verification,72.68,unknown
A02,8077,99,feature/issue-4-us-04-single-player-mode-vs-co,failed,211c1a6b089d6454c01ee52d2f90fefd855b05d6,2025-10-16T12:02:12.884Z,2025-10-16T12:02:34.534Z,2025-10-16T13:15:09.273Z,4350.0,21.0,success,3.960937,2025-10-16T12:02:34.425Z,2025-10-16T12:02:38.386Z,failed,4346.813362,2025-10-16T12:02:41.564Z,2025-10-16T13:15:08.377Z,False,True,False,False,True,unknown_timeout,test: add comprehensive tests for Game single-player mode,test: add comprehensive tests for Game single-player mode,72.5,unknown
A06,8156,57,feature/issue-2-us-02-take-turns-firing-with-h,failed,41cbfc247617db6863440426fe3adae807f7baad,2025-10-16T23:02:41.423Z,2025-10-16T23:02:44.315Z,2025-10-17T00:15:12.619Z,4343.0,2.0,success,5.347076,2025-10-16T23:02:44.145Z,2025-10-16T23:02:49.492Z,failed,4338.059451,2025-10-16T23:02:52.690Z,2025-10-17T00:15:10.750Z,False,True,False,False,True,unknown_timeout,docs: add Testing Agent report for issue #2,docs: add Testing Agent report for issue #2,72.38,unknown
A07,6580,30,feature/issue-1-us-01-place-fleet-on-a-conceal,failed,de04002a88944c2c9868a98279482d28c5b7c8e8,2025-10-14T00:02:47.242Z,2025-10-14T00:02:56.215Z,2025-10-14T01:15:13.023Z,4333.0,8.0,success,4.040884,2025-10-14T00:02:56.058Z,2025-10-14T00:03:00.099Z,failed,4329.530703,2025-10-14T00:03:03.270Z,2025-10-14T01:15:12.801Z,False,True,False,False,True,unknown_timeout,test: fix ShipTest immutable collection test,test: fix ShipTest immutable collection test,72.22,unknown
A02,8093,115,feature/issue-5-us-05-save-load-and-resume-a-m,failed,03e3b92dcf0dcea3ca8a424b33aaba2d4dad156a,2025-10-16T13:02:31.218Z,2025-10-16T13:03:19.126Z,2025-10-16T14:15:15.447Z,4292.0,47.0,success,100.879246,2025-10-16T13:03:18.938Z,2025-10-16T13:04:59.818Z,failed,4192.116154,2025-10-16T13:05:21.794Z,2025-10-16T14:15:13.910Z,False,True,False,False,True,unknown_timeout,feat: Add ShotRecord class for shot history serialization,feat: Add ShotRecord class for shot history serialization,71.53,unknown
A02,8094,116,feature/issue-5-us-05-save-load-and-resume-a-m,failed,3c326fb1d929b1a8e6bbaacaa9012076d34bb998,2025-10-16T13:04:05.838Z,2025-10-16T13:05:00.250Z,2025-10-16T14:15:13.446Z,4212.0,54.0,failed,4212.44808,2025-10-16T13:05:00.004Z,2025-10-16T14:15:12.452Z,skipped,,,,True,False,False,False,True,unknown_timeout,feat: Update Game controller with save/load support methods,feat: Update Game controller with save/load support methods,70.2,unknown
A06,8264,165,master,failed,d2e2b8880ed3a439b7c6513b99dbfb378d5b8ff0,2025-10-17T04:04:55.718Z,2025-10-17T04:05:39.350Z,2025-10-17T05:15:10.722Z,4167.0,43.0,success,5.173054,2025-10-17T04:05:39.157Z,2025-10-17T04:05:44.330Z,failed,4162.699143,2025-10-17T04:05:47.514Z,2025-10-17T05:15:10.213Z,False,True,False,False,True,unknown_timeout,docs: add Review Agent report v3 for successful MR #5 merge,docs: add Review Agent report v3 for successful MR #5 merge,69.45,master
A07,6723,173,feature/issue-5-us-05-save-load-and-resume-a-m,failed,54489142853303029183d9cc05aa7bdcb5ffb0ef,2025-10-14T05:05:59.638Z,2025-10-14T05:06:02.830Z,2025-10-14T06:15:21.532Z,4152.0,3.0,success,11.28469,2025-10-14T05:06:02.680Z,2025-10-14T05:06:13.964Z,failed,4141.109882,2025-10-14T05:06:17.154Z,2025-10-14T06:15:18.264Z,False,True,False,False,True,unknown_timeout,fix: Add Jackson JSR-310 module for Java 8 Duration serialization,fix: Add Jackson JSR-310 module for Java 8 Duration serialization,69.2,unknown
A02,8026,48,feature/issue-2-us-02-take-turns-firing-with-h,canceled,5e784e1ce65156bb4b20502ae3af46fe88b9e84c,2025-10-16T09:36:18.746Z,2025-10-16T09:36:22.123Z,2025-10-16T10:45:07.917Z,4124.0,3.0,success,5.153203,2025-10-16T09:36:21.964Z,2025-10-16T09:36:27.117Z,canceled,4118.97475,2025-10-16T09:36:28.343Z,2025-10-16T10:45:07.318Z,False,False,False,True,True,test_timeout,feat: Update Main class with turn-based firing demo for Issue #2,feat: Update Main class with turn-based firing demo for Issue #2,68.73,unknown
A02,8027,49,feature/issue-2-us-02-take-turns-firing-with-h,canceled,5e784e1ce65156bb4b20502ae3af46fe88b9e84c,2025-10-16T09:36:38.375Z,2025-10-16T09:36:39.441Z,2025-10-16T10:45:08.006Z,4105.0,1.0,success,4.400139,2025-10-16T09:36:39.305Z,2025-10-16T09:36:43.705Z,canceled,4100.781595,2025-10-16T09:36:46.896Z,2025-10-16T10:45:07.677Z,False,False,False,True,True,test_timeout,feat: Update Main class with turn-based firing demo for Issue #2,feat: Update Main class with turn-based firing demo for Issue #2,68.42,unknown
A06,8246,147,feature/issue-5-us-05-save-load-and-resume-a-m,failed,76d8d62b15cba6847de77914b1c45505c016bb83,2025-10-17T03:08:35.306Z,2025-10-17T03:08:41.422Z,2025-10-17T04:15:07.914Z,3985.0,6.0,success,5.268916,2025-10-17T03:08:41.102Z,2025-10-17T03:08:46.371Z,failed,3980.452625,2025-10-17T03:08:47.226Z,2025-10-17T04:15:07.679Z,False,True,False,False,True,unknown_timeout,feat: Update Main class to use Battleship game,feat: Update Main class to use Battleship game,66.42,unknown
A06,8247,148,feature/issue-5-us-05-save-load-and-resume-a-m,failed,76d8d62b15cba6847de77914b1c45505c016bb83,2025-10-17T03:08:46.830Z,2025-10-17T03:08:49.709Z,2025-10-17T04:15:08.651Z,3975.0,2.0,success,4.515422,2025-10-17T03:08:49.550Z,2025-10-17T03:08:54.065Z,failed,3970.688836,2025-10-17T03:08:57.255Z,2025-10-17T04:15:07.944Z,False,True,False,False,True,unknown_timeout,feat: Update Main class to use Battleship game,feat: Update Main class to use Battleship game,66.25,unknown
A07,6584,34,feature/issue-1-us-01-place-fleet-on-a-conceal,failed,3029a125d0d08b57c714b879c208f772509d7a9d,2025-10-14T00:08:08.492Z,2025-10-14T00:10:23.013Z,2025-10-14T01:15:15.444Z,3888.0,134.0,success,4.341189,2025-10-14T00:10:22.831Z,2025-10-14T00:10:27.172Z,failed,3883.737813,2025-10-14T00:10:30.362Z,2025-10-14T01:15:14.100Z,False,True,False,False,True,unknown_timeout,docs: add Testing Agent report v2 for issue #1 test fixes,docs: add Testing Agent report v2 for issue #1 test fixes,64.8,unknown
A05,6394,140,feature/issue-4-us-04-single-player-mode-vs-co,failed,f1931ac59a4b5d8d6b9d4b11c880ed892ec203a9,2025-10-13T04:11:03.811Z,2025-10-13T04:11:08.567Z,2025-10-13T05:15:09.094Z,3837.0,4.0,success,4.325948,2025-10-13T04:11:08.413Z,2025-10-13T04:11:12.738Z,failed,3833.011513,2025-10-13T04:11:15.932Z,2025-10-13T05:15:08.944Z,False,True,False,False,True,unknown_timeout,test: add comprehensive tests for ComputerPlayer class,test: add comprehensive tests for ComputerPlayer class,63.95,unknown
A07,6651,101,feature/issue-3-us-03-track-ship-damage-announ,failed,65ea19bb719cc0a18a898a26ae142d4f8b554dc2,2025-10-14T02:12:31.412Z,2025-10-14T02:12:34.097Z,2025-10-14T03:15:14.623Z,3753.0,2.0,success,4.451688,2025-10-14T02:12:33.930Z,2025-10-14T02:12:38.382Z,failed,3749.303817,2025-10-14T02:12:43.139Z,2025-10-14T03:15:12.443Z,False,True,False,False,True,unknown_timeout,test: fix ShotResultTest to use correct constructor parameters,test: fix ShotResultTest to use correct constructor parameters,62.55,unknown
A02,8080,102,feature/issue-4-us-04-single-player-mode-vs-co,failed,b35297c0561701cc878ce6ea4593634bfd2762f3,2025-10-16T12:05:27.200Z,2025-10-16T12:11:12.570Z,2025-10-16T13:15:14.267Z,3748.0,345.0,success,4.781887,2025-10-16T12:11:12.364Z,2025-10-16T12:11:17.146Z,failed,3743.90276,2025-10-16T12:12:48.091Z,2025-10-16T13:15:11.994Z,False,True,False,False,True,unknown_timeout,docs: add Testing Agent report for issue #4,docs: add Testing Agent report for issue #4,62.47,unknown
A07,6691,141,feature/issue-4-us-04-single-player-mode-vs-co,failed,f6fc5118666c26b93d5a977cde1fa6a4ae8f6c11,2025-10-14T04:12:42.149Z,2025-10-14T04:12:45.679Z,2025-10-14T05:15:11.016Z,3741.0,3.0,success,4.399643,2025-10-14T04:12:45.529Z,2025-10-14T04:12:49.929Z,failed,3737.222359,2025-10-14T04:12:53.113Z,2025-10-14T05:15:10.336Z,False,True,False,False,True,unknown_timeout,test: fix AcceptanceCriteriaTest - replace isPlaced() with getPositions().isEmpty() check,test: fix AcceptanceCriteriaTest - replace isPlaced() with getPositions().isEmpty() check,62.35,unknown
A07,6652,102,feature/issue-3-us-03-track-ship-damage-announ,failed,65ea19bb719cc0a18a898a26ae142d4f8b554dc2,2025-10-14T02:12:37.298Z,2025-10-14T02:12:38.890Z,2025-10-14T03:15:12.366Z,3740.0,1.0,success,4.381908,2025-10-14T02:12:38.584Z,2025-10-14T02:12:42.966Z,failed,3735.734766,2025-10-14T02:12:56.005Z,2025-10-14T03:15:11.739Z,False,True,False,False,True,unknown_timeout,test: fix ShotResultTest to use correct constructor parameters,test: fix ShotResultTest to use correct constructor parameters,62.33,unknown
A09,7110,180,feature/issue-4-us-04-single-player-mode-vs-co,failed,97d10acb376ad5f629a2e07fb26a8114842c835f,2025-10-14T21:14:02.911Z,2025-10-14T21:14:07.495Z,2025-10-14T22:15:13.655Z,3667.0,4.0,failed,3667.924551,2025-10-14T21:14:05.400Z,2025-10-14T22:15:13.324Z,skipped,,,,True,False,False,False,True,unknown_timeout,fix: Initialize currentPlayer to null during SETUP state,fix: Initialize currentPlayer to null during SETUP state,61.12,unknown
A09,6954,63,feature/issue-2-us-02-take-turns-firing-with-h,failed,31a19b7002eeea285095ae505625af65769cee20,2025-10-14T18:14:13.510Z,2025-10-14T18:14:15.277Z,2025-10-14T19:15:12.336Z,3653.0,1.0,success,4.45327,2025-10-14T18:14:15.095Z,2025-10-14T18:14:19.549Z,failed,3649.43982,2025-10-14T18:14:22.761Z,2025-10-14T19:15:12.201Z,False,True,False,False,True,unknown_timeout,test: fix PlacementServiceUnitTest to pass gridSize parameter,test: fix PlacementServiceUnitTest to pass gridSize parameter,60.88,unknown
A07,6726,176,feature/issue-5-us-05-save-load-and-resume-a-m,failed,cef8f84690479ed5deb226c3f428168c222906ef,2025-10-14T05:14:07.761Z,2025-10-14T05:14:41.349Z,2025-10-14T06:15:16.728Z,3631.0,33.0,success,10.742373,2025-10-14T05:14:41.113Z,2025-10-14T05:14:51.855Z,failed,3620.310986,2025-10-14T05:14:55.046Z,2025-10-14T06:15:15.357Z,False,True,False,False,True,unknown_timeout,docs: add Testing Agent report v2 with comprehensive test coverage analysis,docs: add Testing Agent report v2 with comprehensive test coverage analysis,60.52,unknown
A07,6653,103,feature/issue-3-us-03-track-ship-damage-announ,failed,add41f253ef5f9531b4e2ec2cca5c17e13873fdb,2025-10-14T02:14:50.916Z,2025-10-14T02:14:55.220Z,2025-10-14T03:15:12.807Z,3613.0,4.0,success,5.163078,2025-10-14T02:14:54.828Z,2025-10-14T02:14:59.991Z,failed,3608.678344,2025-10-14T02:15:03.212Z,2025-10-14T03:15:11.890Z,False,True,False,False,True,unknown_timeout,docs: add TestingAgent report for Issue #3 with comprehensive test coverage,docs: add TestingAgent report for Issue #3 with comprehensive test coverage,60.22,unknown
A06,8225,126,feature/issue-4-us-04-single-player-mode-vs-co,canceled,3415370e09a6399da60a47e979314e93b4a5cd4d,2025-10-17T02:10:43.423Z,2025-10-17T02:13:04.767Z,2025-10-17T02:46:00.404Z,1972.0,141.0,success,5.312546,2025-10-17T02:13:04.608Z,2025-10-17T02:13:09.921Z,canceled,1967.113724,2025-10-17T02:13:13.097Z,2025-10-17T02:46:00.211Z,False,False,False,True,True,test_timeout,docs: add Coding Agent retry report for issue #4 (v2),docs: add Coding Agent retry report for issue #4 (v2),32.87,unknown
A06,8116,17,feature/issue-1-us-01-place-fleet-on-a-conceal,canceled,a5eb87a8d296aa707782f7dcad0bcf0531d65d43,2025-10-16T22:00:14.102Z,2025-10-16T22:00:32.063Z,2025-10-16T22:28:51.576Z,1696.0,17.0,success,5.073262,2025-10-16T22:00:31.840Z,2025-10-16T22:00:36.913Z,canceled,1691.326738,2025-10-16T22:00:40.089Z,2025-10-16T22:28:51.416Z,False,False,False,True,True,test_timeout,docs: Add Coding Agent report for Issue #1 implementation,docs: Add Coding Agent report for Issue #1 implementation,28.27,unknown
A01,5880,16,feature/issue-1-us-01-place-fleet-on-a-conceal,canceled,5a5370e95a6fbe77d8c276b89098a682cbec88c0,2025-10-12T02:56:22.483Z,2025-10-12T02:56:24.325Z,2025-10-12T03:20:17.345Z,1429.0,1.0,success,5.195366,2025-10-12T02:56:24.158Z,2025-10-12T02:56:29.353Z,canceled,1424.672451,2025-10-12T02:56:32.551Z,2025-10-12T03:20:17.223Z,False,False,False,True,True,test_timeout,feat: Update Main.java with CLI interface for ship placement,feat: Update Main.java with CLI interface for ship placement,23.82,unknown
A06,8190,91,feature/issue-3-us-03-track-ship-damage-announ,canceled,3ca337eef6d437672bc7e3248c32f66dcd98182b,2025-10-17T00:49:18.958Z,2025-10-17T00:49:22.704Z,2025-10-17T01:03:49.703Z,863.0,3.0,success,9.580351,2025-10-17T00:49:22.553Z,2025-10-17T00:49:32.134Z,canceled,854.254848,2025-10-17T00:49:35.288Z,2025-10-17T01:03:49.543Z,False,False,False,True,True,test_timeout,docs: add Coding Agent verification report for issue #3,docs: add Coding Agent verification report for issue #3,14.38,unknown
A06,8162,63,feature/issue-2-us-02-take-turns-firing-with-h,canceled,bc83338800c98e14098aa62c859cff449ffbcf2d,2025-10-16T23:48:21.572Z,2025-10-16T23:48:25.609Z,2025-10-17T00:02:48.267Z,859.0,4.0,success,5.170259,2025-10-16T23:48:25.421Z,2025-10-16T23:48:30.592Z,canceled,854.331736,2025-10-16T23:48:33.772Z,2025-10-17T00:02:48.103Z,False,False,False,True,True,test_timeout,docs: add Coding Agent final verification report for Issue #2,docs: add Coding Agent final verification report for Issue #2,14.32,unknown
A06,8227,128,feature/issue-4-us-04-single-player-mode-vs-co,canceled,bf79da01d669a3ebd2f8fc36a2e9c9a67d3b55e7,2025-10-17T02:30:23.278Z,2025-10-17T02:31:04.342Z,2025-10-17T02:45:16.745Z,850.0,41.0,success,5.251692,2025-10-17T02:31:02.767Z,2025-10-17T02:31:08.019Z,canceled,845.356676,2025-10-17T02:31:11.227Z,2025-10-17T02:45:16.584Z,False,False,False,True,True,test_timeout,fix: Resolve null return in takePlayerTurn method,"fix: Resolve null return in takePlayerTurn method

- Change takePlayerTurn to return ShotResult.MISS instead of null when game state is not IN_PROGRESS
- This prevents test failures while maintaining game flow
- Computer turn logic remains properly integrated",14.17,unknown
A07,6696,146,feature/issue-4-us-04-single-player-mode-vs-co,failed,cbc8bd48618ffba7ca8e7f885159c58673169527,2025-10-14T04:29:32.555Z,2025-10-14T04:31:31.918Z,2025-10-14T04:45:25.977Z,829.0,119.0,success,4.075294,2025-10-14T04:31:31.742Z,2025-10-14T04:31:35.817Z,failed,824.942972,2025-10-14T04:31:40.856Z,2025-10-14T04:45:25.799Z,False,True,False,False,True,unknown_timeout,docs: add Review Agent report v3 for Issue #4 - merge rejected due to test failures,docs: add Review Agent report v3 for Issue #4 - merge rejected due to test failures,13.82,unknown
A06,8119,20,feature/issue-1-us-01-place-fleet-on-a-conceal,canceled,55533f3bf0028ea089d54a0570a40365a8ac613e,2025-10-16T22:12:38.686Z,2025-10-16T22:13:57.953Z,2025-10-16T22:27:39.831Z,799.0,79.0,success,5.027379,2025-10-16T22:13:57.767Z,2025-10-16T22:14:02.795Z,canceled,794.324714,2025-10-16T22:14:25.337Z,2025-10-16T22:27:39.661Z,False,False,False,True,True,test_timeout,docs: update Coding Agent report for Issue #1 (v2) - no coding issues found,docs: update Coding Agent report for Issue #1 (v2) - no coding issues found,13.32,unknown
A02,8041,63,feature/issue-2-us-02-take-turns-firing-with-h,failed,70d398aeeced37a7d1c7cbfe25ba4760325f7319,2025-10-16T10:30:35.600Z,2025-10-16T10:33:25.231Z,2025-10-16T10:46:39.048Z,790.0,169.0,success,4.804472,2025-10-16T10:33:25.040Z,2025-10-16T10:33:29.845Z,failed,785.568667,2025-10-16T10:33:33.040Z,2025-10-16T10:46:38.608Z,False,True,False,False,True,unknown_timeout,docs: add Testing Agent report v3 for Issue #2 test verification,docs: add Testing Agent report v3 for Issue #2 test verification,13.17,unknown
A07,6697,147,feature/issue-5-us-05-save-load-and-resume-a-m,success,fed76971916375571ae12d6b2abb250247e83854,2025-10-14T04:30:06.312Z,2025-10-14T04:31:36.253Z,2025-10-14T04:52:13.969Z,687.0,89.0,success,4.676795,2025-10-14T04:31:35.993Z,2025-10-14T04:31:40.670Z,success,683.178261,2025-10-14T04:40:50.599Z,2025-10-14T04:52:13.777Z,False,False,False,False,True,unknown_timeout,docs: add Planning Agent report for project analysis (v1),docs: add Planning Agent report for project analysis (v1),11.45,unknown
A09,6937,46,feature/issue-2-us-02-take-turns-firing-with-h,canceled,67c08c6939118713be328da960fd0259a9b599e8,2025-10-14T17:56:24.291Z,2025-10-14T17:56:27.003Z,2025-10-14T18:07:26.458Z,656.0,2.0,success,5.062548,2025-10-14T17:56:26.846Z,2025-10-14T17:56:31.908Z,canceled,651.215866,2025-10-14T17:56:35.114Z,2025-10-14T18:07:26.330Z,False,False,False,True,True,test_timeout,feat: Update PlacementService with missing methods for auto-placement,feat: Update PlacementService with missing methods for auto-placement,10.93,unknown
A10,8636,53,feature/issue-1-us-01-place-fleet-on-a-conceal,failed,b80a738657db3aee2d3af16c6c73844b084c15e5,2025-10-19T15:11:08.431Z,2025-10-19T15:11:11.040Z,2025-10-19T15:22:04.510Z,653.0,2.0,failed,653.283339,2025-10-19T15:11:10.872Z,2025-10-19T15:22:04.155Z,skipped,,,,True,False,False,False,True,unknown_timeout,feat: Add JavaFX dependencies for GUI implementation,feat: Add JavaFX dependencies for GUI implementation,10.88,unknown
A08,6857,121,feature/issue-4-us-04-single-player-mode-vs-co,success,4271f20b032fc8e5fe05af9cd8f4a7b56f9cf69f,2025-10-14T15:18:05.344Z,2025-10-14T15:18:09.561Z,2025-10-14T15:29:01.863Z,650.0,4.0,success,4.459264,2025-10-14T15:18:09.389Z,2025-10-14T15:18:13.848Z,success,646.042543,2025-10-14T15:18:15.628Z,2025-10-14T15:29:01.671Z,False,False,False,False,True,unknown_timeout,docs: add Coding Agent status report for Issue #4 (implementation already complete),docs: add Coding Agent status report for Issue #4 (implementation already complete),10.83,unknown
A07,6687,137,feature/issue-4-us-04-single-player-mode-vs-co,failed,29433b21bfa2221baf2efbe1c1c369f51c773cb1,2025-10-14T04:00:12.137Z,2025-10-14T04:05:04.169Z,2025-10-14T04:15:48.987Z,641.0,292.0,success,11.624648,2025-10-14T04:05:03.987Z,2025-10-14T04:05:15.611Z,failed,629.955709,2025-10-14T04:05:18.831Z,2025-10-14T04:15:48.787Z,False,True,False,False,True,unknown_timeout,docs: add Testing Agent report for issue #4,docs: add Testing Agent report for issue #4,10.68,unknown
A10,8767,184,feature/issue-4-us-04-single-player-mode-vs-co,failed,b511cb322e3b581019fbd5c3e47af01b0efd4643,2025-10-19T19:52:22.855Z,2025-10-19T19:52:26.058Z,2025-10-19T20:02:44.054Z,614.0,3.0,success,606.947296,2025-10-19T19:52:25.914Z,2025-10-19T20:02:32.861Z,failed,7.96541,2025-10-19T20:02:35.930Z,2025-10-19T20:02:43.895Z,False,True,False,False,True,unknown_timeout,test: fix GameTest assertions to match implementation behavior,test: fix GameTest assertions to match implementation behavior,10.23,unknown
A10,8759,176,feature/issue-4-us-04-single-player-mode-vs-co,failed,6900ad1be64d821820e3e945a95cb0f404bb2f74,2025-10-19T19:44:18.777Z,2025-10-19T19:44:20.613Z,2025-10-19T19:54:35.914Z,612.0,1.0,success,5.537149,2025-10-19T19:44:20.378Z,2025-10-19T19:44:25.915Z,failed,606.885884,2025-10-19T19:44:28.853Z,2025-10-19T19:54:35.739Z,False,True,False,False,True,unknown_timeout,fix: Set ComputerPlayer ready status after placing ships,fix: Set ComputerPlayer ready status after placing ships,10.2,unknown
A10,8588,5,master,success,c06fede6ae97e340a7960d85a14349f5db9c3b7f,2025-10-19T13:56:45.959Z,2025-10-19T13:56:49.308Z,2025-10-19T14:07:02.953Z,611.0,3.0,success,4.394377,2025-10-19T13:56:49.153Z,2025-10-19T13:56:53.547Z,success,607.032426,2025-10-19T13:56:55.723Z,2025-10-19T14:07:02.756Z,False,False,False,False,True,unknown_timeout,docs: add Planning Agent report for project planning,docs: add Planning Agent report for project planning,10.18,master
A06,8127,28,feature/issue-1-us-01-place-fleet-on-a-conceal,failed,88e654ad9c9ae3796c1c6c5b3fe70291dece52cb,2025-10-16T22:28:39.068Z,2025-10-16T22:28:51.773Z,2025-10-16T22:39:06.910Z,611.0,12.0,success,5.072859,2025-10-16T22:28:51.600Z,2025-10-16T22:28:56.672Z,failed,606.885024,2025-10-16T22:28:59.852Z,2025-10-16T22:39:06.737Z,False,True,False,False,True,unknown_timeout,test: add comprehensive GameService integration tests,test: add comprehensive GameService integration tests,10.18,unknown
A10,8622,39,feature/issue-1-us-01-place-fleet-on-a-conceal,failed,b08d87aa8fbea4517ba00e0ecef2b2cb98f6c9b4,2025-10-19T14:23:59.282Z,2025-10-19T14:24:01.714Z,2025-10-19T14:34:15.621Z,611.0,2.0,success,5.05293,2025-10-19T14:24:01.551Z,2025-10-19T14:24:06.604Z,failed,606.928322,2025-10-19T14:24:08.493Z,2025-10-19T14:34:15.422Z,False,True,False,False,True,unknown_timeout,fix: Move coordinate validation to Board level for boundary testing,fix: Move coordinate validation to Board level for boundary testing,10.18,unknown
A09,6907,16,feature/issue-1-us-01-place-fleet-on-a-conceal,failed,795a7934ae8174238e52e09aeed9e09e7f666674,2025-10-14T16:55:29.706Z,2025-10-14T16:55:31.713Z,2025-10-14T17:05:45.527Z,611.0,2.0,success,4.491997,2025-10-14T16:55:31.553Z,2025-10-14T16:55:36.045Z,failed,606.909057,2025-10-14T16:55:38.416Z,2025-10-14T17:05:45.325Z,False,True,False,False,True,unknown_timeout,test: add Position class tests for grid coordinate system,test: add Position class tests for grid coordinate system,10.18,unknown
A09,7133,203,feature/issue-5-us-05-save-load-and-resume-a-m,failed,208846b894a2f28ee78763f7799273dc609f1919,2025-10-14T21:36:27.646Z,2025-10-14T21:40:39.426Z,2025-10-14T21:50:54.363Z,611.0,251.0,success,4.326285,2025-10-14T21:40:39.280Z,2025-10-14T21:40:43.606Z,failed,606.714565,2025-10-14T21:40:47.464Z,2025-10-14T21:50:54.178Z,False,True,False,False,True,unknown_timeout,docs: add ReviewAgent report for issue #5,docs: add ReviewAgent report for issue #5,10.18,unknown
A09,7104,174,feature/issue-4-us-04-single-player-mode-vs-co,failed,dfd9f6efe43dee9fa8163017375e498d34fde3a5,2025-10-14T21:02:22.773Z,2025-10-14T21:02:48.257Z,2025-10-14T21:13:01.591Z,610.0,25.0,success,3.545969,2025-10-14T21:02:48.116Z,2025-10-14T21:02:51.662Z,failed,606.662,2025-10-14T21:02:54.778Z,2025-10-14T21:13:01.440Z,False,True,False,False,True,unknown_timeout,test: fix acceptance tests to avoid human player board readiness requirement,test: fix acceptance tests to avoid human player board readiness requirement,10.17,unknown
A02,8035,57,feature/issue-2-us-02-take-turns-firing-with-h,failed,c1862b69f66cabec1d71d50645b3ea7058d07e55,2025-10-16T09:46:29.036Z,2025-10-16T09:48:39.572Z,2025-10-16T09:58:46.510Z,606.0,130.0,failed,606.791881,2025-10-16T09:48:39.380Z,2025-10-16T09:58:46.171Z,skipped,,,,True,False,False,False,True,unknown_timeout,docs: add Testing Agent report for Issue #2 test implementation,docs: add Testing Agent report for Issue #2 test implementation,10.1,unknown
A07,6637,87,feature/issue-3-us-03-track-ship-damage-announ,failed,05fc0dc62e3e24165e5bace95321a6c612ddf7f0,2025-10-14T01:52:07.171Z,2025-10-14T01:52:10.168Z,2025-10-14T02:02:17.263Z,606.0,2.0,failed,606.947298,2025-10-14T01:52:09.996Z,2025-10-14T02:02:16.944Z,skipped,,,,True,False,False,False,True,unknown_timeout,"feat: Enhance InputHandler for Issue #3 - add methods for player names, orientation, and yes/no responses","feat: Enhance InputHandler for Issue #3 - add methods for player names, orientation, and yes/no responses",10.1,unknown
